Classification,Year,Period,Period_desc.,Aggregate Level,Trade_flow,Reporter_code,Reporter,Reporter_ISO,Partner_code,Commodity_code,Commodity,Qty_unit_code,Qty_unit,Qty,Alt_qty_unit,Netweight_kg,Trade_value_usd
H5,2018,2018,2018,4,Import,20,Andorra,AND,0,3915,"Waste, parings and scrap, of plastics",8,Weight in kilograms,,5,5,21
H5,2018,2018,2018,4,Export,20,Andorra,AND,0,3915,"Waste, parings and scrap, of plastics",8,Weight in kilograms,,1061790,1061790,260004
H5,2018,2018,2018,6,Export,20,Andorra,AND,0,391530,"Vinyl chloride polymers; waste, parings and scrap",8,Weight in kilograms,,1100,1100,32640
H5,2018,2018,2018,6,Import,20,Andorra,AND,0,391590,"Plastics n.e.c. in heading no. 3915; waste, parings and scrap",8,Weight in kilograms,,5,5,21
H5,2018,2018,2018,6,Export,20,Andorra,AND,0,391590,"Plastics n.e.c. in heading no. 3915; waste, parings and scrap",8,Weight in kilograms,,1060690,1060690,227364
H5,2018,2018,2018,4,Import,31,Azerbaijan,AZE,0,3915,"Waste, parings and scrap, of plastics",8,Weight in kilograms,,4041242,4041242,1647736
H5,2018,2018,2018,4,Export,31,Azerbaijan,AZE,0,3915,"Waste, parings and scrap, of plastics",8,Weight in kilograms,,19000,19000,2850
H5,2018,2018,2018,6,Import,31,Azerbaijan,AZE,0,391510,"Ethylene polymers; waste, parings and scrap",8,Weight in kilograms,,874578,874578,464901
H5,2018,2018,2018,6,Import,31,Azerbaijan,AZE,0,391530,"Vinyl chloride polymers; waste, parings and scrap",8,Weight in kilograms,,437449,437449,199270
H5,2018,2018,2018,6,Import,31,Azerbaijan,AZE,0,391590,"Plastics n.e.c. in heading no. 3915; waste, parings and scrap",8,Weight in kilograms,,2729215,2729215,983564
H5,2018,2018,2018,6,Export,31,Azerbaijan,AZE,0,391590,"Plastics n.e.c. in heading no. 3915; waste, parings and scrap",8,Weight in kilograms,,19000,19000,2850
H5,2018,2018,2018,4,Import,32,Argentina,ARG,0,3915,"Waste, parings and scrap, of plastics",8,Weight in kilograms,,39010,39010,22053
H5,2018,2018,2018,6,Import,32,Argentina,ARG,0,391590,"Plastics n.e.c. in heading no. 3915; waste, parings and scrap",8,Weight in kilograms,,39010,39010,22053
H5,2018,2018,2018,4,Import,51,Armenia,ARM,0,3915,"Waste, parings and scrap, of plastics",8,Weight in kilograms,,40004,40004,5421
H5,2018,2018,2018,4,Export,51,Armenia,ARM,0,3915,"Waste, parings and scrap, of plastics",8,Weight in kilograms,,169382,169382,59698
H5,2018,2018,2018,6,Import,51,Armenia,ARM,0,391510,"Ethylene polymers; waste, parings and scrap",8,Weight in kilograms,,1,1,164
H5,2018,2018,2018,6,Export,51,Armenia,ARM,0,391510,"Ethylene polymers; waste, parings and scrap",8,Weight in kilograms,,169382,169382,59698
H5,2018,2018,2018,6,Import,51,Armenia,ARM,0,391530,"Vinyl chloride polymers; waste, parings and scrap",8,Weight in kilograms,,750,750,825
H5,2018,2018,2018,6,Import,51,Armenia,ARM,0,391590,"Plastics n.e.c. in heading no. 3915; waste, parings and scrap",8,Weight in kilograms,,39253,39253,4432
H5,2018,2018,2018,4,Import,60,Bermuda,BMU,0,3915,"Waste, parings and scrap, of plastics",8,Weight in kilograms,,107,107,1989
H5,2018,2018,2018,4,Export,60,Bermuda,BMU,0,3915,"Waste, parings and scrap, of plastics",8,Weight in kilograms,,1,1,50
H5,2018,2018,2018,6,Import,60,Bermuda,BMU,0,391530,"Vinyl chloride polymers; waste, parings and scrap",8,Weight in kilograms,,30,30,1204
H5,2018,2018,2018,6,Import,60,Bermuda,BMU,0,391590,"Plastics n.e.c. in heading no. 3915; waste, parings and scrap",8,Weight in kilograms,,77,77,785
H5,2018,2018,2018,6,Export,60,Bermuda,BMU,0,391590,"Plastics n.e.c. in heading no. 3915; waste, parings and scrap",8,Weight in kilograms,,1,1,50
H5,2018,2018,2018,4,Import,68,Bolivia (Plurinational State of),BOL,0,3915,"Waste, parings and scrap, of plastics",8,Weight in kilograms,,392252,392549,192839
H5,2018,2018,2018,4,Export,68,Bolivia (Plurinational State of),BOL,0,3915,"Waste, parings and scrap, of plastics",8,Weight in kilograms,,821796,821796,297581
H5,2018,2018,2018,6,Import,68,Bolivia (Plurinational State of),BOL,0,391510,"Ethylene polymers; waste, parings and scrap",8,Weight in kilograms,,217660,217662,122610
H5,2018,2018,2018,6,Export,68,Bolivia (Plurinational State of),BOL,0,391510,"Ethylene polymers; waste, parings and scrap",8,Weight in kilograms,,737396,737396,259287
H5,2018,2018,2018,6,Import,68,Bolivia (Plurinational State of),BOL,0,391520,"Styrene polymers; waste, parings and scrap",8,Weight in kilograms,,59,60,680
H5,2018,2018,2018,6,Import,68,Bolivia (Plurinational State of),BOL,0,391590,"Plastics n.e.c. in heading no. 3915; waste, parings and scrap",8,Weight in kilograms,,174533,174826,69548
H5,2018,2018,2018,6,Export,68,Bolivia (Plurinational State of),BOL,0,391590,"Plastics n.e.c. in heading no. 3915; waste, parings and scrap",8,Weight in kilograms,,84400,84400,38294
H5,2018,2018,2018,4,Import,84,Belize,BLZ,0,3915,"Waste, parings and scrap, of plastics",8,Weight in kilograms,,156332,156332,59423
H5,2018,2018,2018,4,Export,84,Belize,BLZ,0,3915,"Waste, parings and scrap, of plastics",8,Weight in kilograms,,466169,466169,87791
H5,2018,2018,2018,4,Re-Export,84,Belize,BLZ,0,3915,"Waste, parings and scrap, of plastics",8,Weight in kilograms,,37800,37800,2219
H5,2018,2018,2018,6,Import,84,Belize,BLZ,0,391510,"Ethylene polymers; waste, parings and scrap",8,Weight in kilograms,,78896,78896,29212
H5,2018,2018,2018,6,Export,84,Belize,BLZ,0,391510,"Ethylene polymers; waste, parings and scrap",8,Weight in kilograms,,354386,354386,77853
H5,2018,2018,2018,6,Export,84,Belize,BLZ,0,391520,"Styrene polymers; waste, parings and scrap",8,Weight in kilograms,,107,107,1
H5,2018,2018,2018,6,Import,84,Belize,BLZ,0,391530,"Vinyl chloride polymers; waste, parings and scrap",8,Weight in kilograms,,77344,77344,29263
H5,2018,2018,2018,6,Export,84,Belize,BLZ,0,391530,"Vinyl chloride polymers; waste, parings and scrap",8,Weight in kilograms,,11000,11000,1109
H5,2018,2018,2018,6,Re-Export,84,Belize,BLZ,0,391530,"Vinyl chloride polymers; waste, parings and scrap",8,Weight in kilograms,,11000,11000,1109
H5,2018,2018,2018,6,Import,84,Belize,BLZ,0,391590,"Plastics n.e.c. in heading no. 3915; waste, parings and scrap",8,Weight in kilograms,,92,92,947
H5,2018,2018,2018,6,Export,84,Belize,BLZ,0,391590,"Plastics n.e.c. in heading no. 3915; waste, parings and scrap",8,Weight in kilograms,,100675,100675,8826
H5,2018,2018,2018,6,Re-Export,84,Belize,BLZ,0,391590,"Plastics n.e.c. in heading no. 3915; waste, parings and scrap",8,Weight in kilograms,,26800,26800,1109
H5,2018,2018,2018,4,Import,96,Brunei Darussalam,BRN,0,3915,"Waste, parings and scrap, of plastics",8,Weight in kilograms,,124762,124762,261725
H5,2018,2018,2018,4,Export,96,Brunei Darussalam,BRN,0,3915,"Waste, parings and scrap, of plastics",8,Weight in kilograms,,355795,355795,69525
H5,2018,2018,2018,4,Re-Export,96,Brunei Darussalam,BRN,0,3915,"Waste, parings and scrap, of plastics",8,Weight in kilograms,,333795,333795,59373
H5,2018,2018,2018,6,Export,96,Brunei Darussalam,BRN,0,391520,"Styrene polymers; waste, parings and scrap",8,Weight in kilograms,,30000,30000,5927
H5,2018,2018,2018,6,Re-Export,96,Brunei Darussalam,BRN,0,391520,"Styrene polymers; waste, parings and scrap",8,Weight in kilograms,,30000,30000,5927
H5,2018,2018,2018,6,Import,96,Brunei Darussalam,BRN,0,391530,"Vinyl chloride polymers; waste, parings and scrap",8,Weight in kilograms,,220,220,23614
H5,2018,2018,2018,6,Import,96,Brunei Darussalam,BRN,0,391590,"Plastics n.e.c. in heading no. 3915; waste, parings and scrap",8,Weight in kilograms,,124542,124542,238111
H5,2018,2018,2018,6,Export,96,Brunei Darussalam,BRN,0,391590,"Plastics n.e.c. in heading no. 3915; waste, parings and scrap",8,Weight in kilograms,,325795,325795,63597
H5,2018,2018,2018,6,Re-Export,96,Brunei Darussalam,BRN,0,391590,"Plastics n.e.c. in heading no. 3915; waste, parings and scrap",8,Weight in kilograms,,303795,303795,53445
H5,2018,2018,2018,4,Import,112,Belarus,BLR,0,3915,"Waste, parings and scrap, of plastics",8,Weight in kilograms,,4943936,4943936,2987100
H5,2018,2018,2018,4,Export,112,Belarus,BLR,0,3915,"Waste, parings and scrap, of plastics",8,Weight in kilograms,,9387228,9387228,4080800
H5,2018,2018,2018,6,Import,112,Belarus,BLR,0,391510,"Ethylene polymers; waste, parings and scrap",8,Weight in kilograms,,2096854,2096854,917800
H5,2018,2018,2018,6,Export,112,Belarus,BLR,0,391510,"Ethylene polymers; waste, parings and scrap",8,Weight in kilograms,,6179203,6179203,2609200
H5,2018,2018,2018,6,Import,112,Belarus,BLR,0,391520,"Styrene polymers; waste, parings and scrap",8,Weight in kilograms,,929788,929788,1152500
H5,2018,2018,2018,6,Export,112,Belarus,BLR,0,391520,"Styrene polymers; waste, parings and scrap",8,Weight in kilograms,,648775,648775,392400
H5,2018,2018,2018,6,Import,112,Belarus,BLR,0,391530,"Vinyl chloride polymers; waste, parings and scrap",8,Weight in kilograms,,1080020,1080020,584900
H5,2018,2018,2018,6,Export,112,Belarus,BLR,0,391530,"Vinyl chloride polymers; waste, parings and scrap",8,Weight in kilograms,,546603,546603,237500
H5,2018,2018,2018,6,Import,112,Belarus,BLR,0,391590,"Plastics n.e.c. in heading no. 3915; waste, parings and scrap",8,Weight in kilograms,,837274,837274,331900
H5,2018,2018,2018,6,Export,112,Belarus,BLR,0,391590,"Plastics n.e.c. in heading no. 3915; waste, parings and scrap",8,Weight in kilograms,,2012647,2012647,841700
H5,2018,2018,2018,4,Import,124,Canada,CAN,0,3915,"Waste, parings and scrap, of plastics",8,Weight in kilograms,,140933420,140933420,73526049
H5,2018,2018,2018,4,Export,124,Canada,CAN,0,3915,"Waste, parings and scrap, of plastics",8,Weight in kilograms,,158039164,158039164,71429691
H5,2018,2018,2018,4,Re-Export,124,Canada,CAN,0,3915,"Waste, parings and scrap, of plastics",8,Weight in kilograms,,876186,876186,675440
H5,2018,2018,2018,4,Re-Import,124,Canada,CAN,0,3915,"Waste, parings and scrap, of plastics",8,Weight in kilograms,,313123,313123,85677
H5,2018,2018,2018,6,Import,124,Canada,CAN,0,391510,"Ethylene polymers; waste, parings and scrap",8,Weight in kilograms,,31479196,31479196,14373294
H5,2018,2018,2018,6,Export,124,Canada,CAN,0,391510,"Ethylene polymers; waste, parings and scrap",8,Weight in kilograms,,44857694,44857694,21239691
H5,2018,2018,2018,6,Re-Export,124,Canada,CAN,0,391510,"Ethylene polymers; waste, parings and scrap",8,Weight in kilograms,,49320,49320,112608
H5,2018,2018,2018,6,Re-Import,124,Canada,CAN,0,391510,"Ethylene polymers; waste, parings and scrap",8,Weight in kilograms,,41150,41150,11815
H5,2018,2018,2018,6,Import,124,Canada,CAN,0,391520,"Styrene polymers; waste, parings and scrap",8,Weight in kilograms,,8982320,8982320,10048512
H5,2018,2018,2018,6,Export,124,Canada,CAN,0,391520,"Styrene polymers; waste, parings and scrap",8,Weight in kilograms,,1398517,1398517,1102255
H5,2018,2018,2018,6,Re-Export,124,Canada,CAN,0,391520,"Styrene polymers; waste, parings and scrap",8,Weight in kilograms,,13405,13405,4002
H5,2018,2018,2018,6,Re-Import,124,Canada,CAN,0,391520,"Styrene polymers; waste, parings and scrap",8,Weight in kilograms,,1668,1668,516
H5,2018,2018,2018,6,Import,124,Canada,CAN,0,391530,"Vinyl chloride polymers; waste, parings and scrap",8,Weight in kilograms,,4050241,4050241,1747831
H5,2018,2018,2018,6,Export,124,Canada,CAN,0,391530,"Vinyl chloride polymers; waste, parings and scrap",8,Weight in kilograms,,9916052,9916052,3594514
H5,2018,2018,2018,6,Re-Import,124,Canada,CAN,0,391530,"Vinyl chloride polymers; waste, parings and scrap",8,Weight in kilograms,,18359,18359,12084
H5,2018,2018,2018,6,Import,124,Canada,CAN,0,391590,"Plastics n.e.c. in heading no. 3915; waste, parings and scrap",8,Weight in kilograms,,96421663,96421663,47356410
H5,2018,2018,2018,6,Export,124,Canada,CAN,0,391590,"Plastics n.e.c. in heading no. 3915; waste, parings and scrap",8,Weight in kilograms,,101866901,101866901,45493229
H5,2018,2018,2018,6,Re-Export,124,Canada,CAN,0,391590,"Plastics n.e.c. in heading no. 3915; waste, parings and scrap",8,Weight in kilograms,,813461,813461,558829
H5,2018,2018,2018,6,Re-Import,124,Canada,CAN,0,391590,"Plastics n.e.c. in heading no. 3915; waste, parings and scrap",8,Weight in kilograms,,251946,251946,61260
H5,2018,2018,2018,4,Import,152,Chile,CHL,0,3915,"Waste, parings and scrap, of plastics",8,Weight in kilograms,,7746473,7746473,6638554
H5,2018,2018,2018,4,Export,152,Chile,CHL,0,3915,"Waste, parings and scrap, of plastics",8,Weight in kilograms,,9102029,9102029,3317187
H5,2018,2018,2018,6,Import,152,Chile,CHL,0,391510,"Ethylene polymers; waste, parings and scrap",1,No Quantity,,0,1487062,1280073
H5,2018,2018,2018,6,Export,152,Chile,CHL,0,391510,"Ethylene polymers; waste, parings and scrap",8,Weight in kilograms,,5406754,5406754,1868643
H5,2018,2018,2018,6,Import,152,Chile,CHL,0,391520,"Styrene polymers; waste, parings and scrap",8,Weight in kilograms,,1,1,201
H5,2018,2018,2018,6,Export,152,Chile,CHL,0,391520,"Styrene polymers; waste, parings and scrap",8,Weight in kilograms,,784850,784850,491013
H5,2018,2018,2018,6,Export,152,Chile,CHL,0,391530,"Vinyl chloride polymers; waste, parings and scrap",8,Weight in kilograms,,19480,19480,531
H5,2018,2018,2018,6,Import,152,Chile,CHL,0,391590,"Plastics n.e.c. in heading no. 3915; waste, parings and scrap",8,Weight in kilograms,,6259409,6259409,5358279
H5,2018,2018,2018,6,Export,152,Chile,CHL,0,391590,"Plastics n.e.c. in heading no. 3915; waste, parings and scrap",8,Weight in kilograms,,2890944,2890944,956999
H5,2018,2018,2018,4,Import,170,Colombia,COL,0,3915,"Waste, parings and scrap, of plastics",8,Weight in kilograms,,8209967,8209967,1553112
H5,2018,2018,2018,4,Export,170,Colombia,COL,0,3915,"Waste, parings and scrap, of plastics",8,Weight in kilograms,,2592857,2592857,1008547
H5,2018,2018,2018,6,Import,170,Colombia,COL,0,391510,"Ethylene polymers; waste, parings and scrap",8,Weight in kilograms,,4614886,4614886,539727
H5,2018,2018,2018,6,Export,170,Colombia,COL,0,391510,"Ethylene polymers; waste, parings and scrap",8,Weight in kilograms,,1206442,1206442,241622
H5,2018,2018,2018,6,Import,170,Colombia,COL,0,391520,"Styrene polymers; waste, parings and scrap",8,Weight in kilograms,,529766,529766,336785
H5,2018,2018,2018,6,Export,170,Colombia,COL,0,391520,"Styrene polymers; waste, parings and scrap",8,Weight in kilograms,,396865,396865,326539
H5,2018,2018,2018,6,Import,170,Colombia,COL,0,391530,"Vinyl chloride polymers; waste, parings and scrap",8,Weight in kilograms,,1325548,1325548,211189
H5,2018,2018,2018,6,Export,170,Colombia,COL,0,391530,"Vinyl chloride polymers; waste, parings and scrap",8,Weight in kilograms,,70860,70860,52681
H5,2018,2018,2018,6,Import,170,Colombia,COL,0,391590,"Plastics n.e.c. in heading no. 3915; waste, parings and scrap",8,Weight in kilograms,,1739766,1739766,465409
H5,2018,2018,2018,6,Export,170,Colombia,COL,0,391590,"Plastics n.e.c. in heading no. 3915; waste, parings and scrap",8,Weight in kilograms,,918689,918689,387703
H5,2018,2018,2018,4,Import,191,Croatia,HRV,0,3915,"Waste, parings and scrap, of plastics",8,Weight in kilograms,,22318236,22318236,5871386
H5,2018,2018,2018,4,Export,191,Croatia,HRV,0,3915,"Waste, parings and scrap, of plastics",8,Weight in kilograms,,21657287,21657287,7081616
H5,2018,2018,2018,6,Import,191,Croatia,HRV,0,391510,"Ethylene polymers; waste, parings and scrap",8,Weight in kilograms,,10652852,10652852,2506286
H5,2018,2018,2018,6,Export,191,Croatia,HRV,0,391510,"Ethylene polymers; waste, parings and scrap",8,Weight in kilograms,,10688289,10688289,2878745
H5,2018,2018,2018,6,Import,191,Croatia,HRV,0,391520,"Styrene polymers; waste, parings and scrap",8,Weight in kilograms,,19260,19260,17717
H5,2018,2018,2018,6,Export,191,Croatia,HRV,0,391520,"Styrene polymers; waste, parings and scrap",8,Weight in kilograms,,1303696,1303696,808944
H5,2018,2018,2018,6,Import,191,Croatia,HRV,0,391530,"Vinyl chloride polymers; waste, parings and scrap",8,Weight in kilograms,,123650,123650,102601
H5,2018,2018,2018,6,Export,191,Croatia,HRV,0,391530,"Vinyl chloride polymers; waste, parings and scrap",8,Weight in kilograms,,380140,380140,167602
H5,2018,2018,2018,6,Import,191,Croatia,HRV,0,391590,"Plastics n.e.c. in heading no. 3915; waste, parings and scrap",8,Weight in kilograms,,11522473,,3244782
H5,2018,2018,2018,6,Export,191,Croatia,HRV,0,391590,"Plastics n.e.c. in heading no. 3915; waste, parings and scrap",8,Weight in kilograms,,9285162,9285162,3226325
H5,2018,2018,2018,4,Import,203,Czechia,CZE,0,3915,"Waste, parings and scrap, of plastics",8,Weight in kilograms,,5211633,5211633,1677250
H5,2018,2018,2018,4,Export,203,Czechia,CZE,0,3915,"Waste, parings and scrap, of plastics",8,Weight in kilograms,,10214878,10214878,4048672
H5,2018,2018,2018,6,Import,203,Czechia,CZE,0,391510,"Ethylene polymers; waste, parings and scrap",8,Weight in kilograms,,304512,304512,311902
H5,2018,2018,2018,6,Export,203,Czechia,CZE,0,391510,"Ethylene polymers; waste, parings and scrap",8,Weight in kilograms,,3025531,3025531,888563
H5,2018,2018,2018,6,Import,203,Czechia,CZE,0,391520,"Styrene polymers; waste, parings and scrap",8,Weight in kilograms,,1356733,1356733,346623
H5,2018,2018,2018,6,Export,203,Czechia,CZE,0,391520,"Styrene polymers; waste, parings and scrap",8,Weight in kilograms,,1036900,1036900,716012
H5,2018,2018,2018,6,Import,203,Czechia,CZE,0,391530,"Vinyl chloride polymers; waste, parings and scrap",8,Weight in kilograms,,1881154,1881154,496756
H5,2018,2018,2018,6,Export,203,Czechia,CZE,0,391530,"Vinyl chloride polymers; waste, parings and scrap",8,Weight in kilograms,,215949,215949,53072
H5,2018,2018,2018,6,Import,203,Czechia,CZE,0,391590,"Plastics n.e.c. in heading no. 3915; waste, parings and scrap",8,Weight in kilograms,,1669234,1669234,521969
H5,2018,2018,2018,6,Export,203,Czechia,CZE,0,391590,"Plastics n.e.c. in heading no. 3915; waste, parings and scrap",8,Weight in kilograms,,5936498,5936498,2391025
H5,2018,2018,2018,4,Import,208,Denmark,DNK,0,3915,"Waste, parings and scrap, of plastics",8,Weight in kilograms,,71615280,71615280,21092946
H5,2018,2018,2018,4,Export,208,Denmark,DNK,0,3915,"Waste, parings and scrap, of plastics",8,Weight in kilograms,,55232799,55232799,18053128
H5,2018,2018,2018,6,Import,208,Denmark,DNK,0,391510,"Ethylene polymers; waste, parings and scrap",8,Weight in kilograms,,13383962,13383962,7820106
H5,2018,2018,2018,6,Export,208,Denmark,DNK,0,391510,"Ethylene polymers; waste, parings and scrap",8,Weight in kilograms,,29378832,29378832,11655316
H5,2018,2018,2018,6,Import,208,Denmark,DNK,0,391520,"Styrene polymers; waste, parings and scrap",8,Weight in kilograms,,3435202,3435202,3371942
H5,2018,2018,2018,6,Export,208,Denmark,DNK,0,391520,"Styrene polymers; waste, parings and scrap",8,Weight in kilograms,,3545478,3545478,1871018
H5,2018,2018,2018,6,Import,208,Denmark,DNK,0,391530,"Vinyl chloride polymers; waste, parings and scrap",8,Weight in kilograms,,23,23,1256
H5,2018,2018,2018,6,Export,208,Denmark,DNK,0,391530,"Vinyl chloride polymers; waste, parings and scrap",8,Weight in kilograms,,869380,869380,211464
H5,2018,2018,2018,6,Import,208,Denmark,DNK,0,391590,"Plastics n.e.c. in heading no. 3915; waste, parings and scrap",8,Weight in kilograms,,54796093,54796093,9899640
H5,2018,2018,2018,6,Export,208,Denmark,DNK,0,391590,"Plastics n.e.c. in heading no. 3915; waste, parings and scrap",8,Weight in kilograms,,21439109,21439109,4315329
H5,2018,2018,2018,4,Import,218,Ecuador,ECU,0,3915,"Waste, parings and scrap, of plastics",8,Weight in kilograms,,8421769,8125518,3664679
H5,2018,2018,2018,4,Export,218,Ecuador,ECU,0,3915,"Waste, parings and scrap, of plastics",8,Weight in kilograms,,5410420,5385497,3830391
H5,2018,2018,2018,6,Import,218,Ecuador,ECU,0,391510,"Ethylene polymers; waste, parings and scrap",8,Weight in kilograms,,5802952,5780691,2499247
H5,2018,2018,2018,6,Export,218,Ecuador,ECU,0,391510,"Ethylene polymers; waste, parings and scrap",8,Weight in kilograms,,1283308,1280474,705086
H5,2018,2018,2018,6,Import,218,Ecuador,ECU,0,391520,"Styrene polymers; waste, parings and scrap",8,Weight in kilograms,,213046,211705,130653
H5,2018,2018,2018,6,Export,218,Ecuador,ECU,0,391520,"Styrene polymers; waste, parings and scrap",8,Weight in kilograms,,40895,40895,38850
H5,2018,2018,2018,6,Import,218,Ecuador,ECU,0,391530,"Vinyl chloride polymers; waste, parings and scrap",8,Weight in kilograms,,36843,35989,30090
H5,2018,2018,2018,6,Import,218,Ecuador,ECU,0,391590,"Plastics n.e.c. in heading no. 3915; waste, parings and scrap",8,Weight in kilograms,,2368927,2097132,1004687
H5,2018,2018,2018,6,Export,218,Ecuador,ECU,0,391590,"Plastics n.e.c. in heading no. 3915; waste, parings and scrap",8,Weight in kilograms,,4086217,4064128,3086454
H5,2018,2018,2018,4,Import,222,El Salvador,SLV,0,3915,"Waste, parings and scrap, of plastics",8,Weight in kilograms,,7157306,,4591898
H5,2018,2018,2018,4,Export,222,El Salvador,SLV,0,3915,"Waste, parings and scrap, of plastics",8,Weight in kilograms,,10890980,10890980,5685988
H5,2018,2018,2018,6,Import,222,El Salvador,SLV,0,391510,"Ethylene polymers; waste, parings and scrap",8,Weight in kilograms,,3552391,3552391,2168482
H5,2018,2018,2018,6,Export,222,El Salvador,SLV,0,391510,"Ethylene polymers; waste, parings and scrap",8,Weight in kilograms,,66088,66088,27218
H5,2018,2018,2018,6,Import,222,El Salvador,SLV,0,391520,"Styrene polymers; waste, parings and scrap",8,Weight in kilograms,,2,2,0
H5,2018,2018,2018,6,Export,222,El Salvador,SLV,0,391520,"Styrene polymers; waste, parings and scrap",8,Weight in kilograms,,52624,52624,44302
H5,2018,2018,2018,6,Import,222,El Salvador,SLV,0,391530,"Vinyl chloride polymers; waste, parings and scrap",8,Weight in kilograms,,758211,,497633
H5,2018,2018,2018,6,Export,222,El Salvador,SLV,0,391530,"Vinyl chloride polymers; waste, parings and scrap",8,Weight in kilograms,,48445,48445,20309
H5,2018,2018,2018,6,Import,222,El Salvador,SLV,0,391590,"Plastics n.e.c. in heading no. 3915; waste, parings and scrap",8,Weight in kilograms,,2846701,2846701,1925783
H5,2018,2018,2018,6,Export,222,El Salvador,SLV,0,391590,"Plastics n.e.c. in heading no. 3915; waste, parings and scrap",8,Weight in kilograms,,10723823,10723823,5594157
H5,2018,2018,2018,4,Import,233,Estonia,EST,0,3915,"Waste, parings and scrap, of plastics",8,Weight in kilograms,,2807856,2807856,867958
H5,2018,2018,2018,4,Export,233,Estonia,EST,0,3915,"Waste, parings and scrap, of plastics",8,Weight in kilograms,,14037685,14037685,5891883
H5,2018,2018,2018,6,Import,233,Estonia,EST,0,391510,"Ethylene polymers; waste, parings and scrap",8,Weight in kilograms,,1975190,1975190,350623
H5,2018,2018,2018,6,Export,233,Estonia,EST,0,391510,"Ethylene polymers; waste, parings and scrap",8,Weight in kilograms,,6862025,6862025,2742795
H5,2018,2018,2018,6,Export,233,Estonia,EST,0,391520,"Styrene polymers; waste, parings and scrap",8,Weight in kilograms,,316650,316650,100438
H5,2018,2018,2018,6,Export,233,Estonia,EST,0,391530,"Vinyl chloride polymers; waste, parings and scrap",8,Weight in kilograms,,7700,7700,1810
H5,2018,2018,2018,6,Import,233,Estonia,EST,0,391590,"Plastics n.e.c. in heading no. 3915; waste, parings and scrap",8,Weight in kilograms,,832666,832666,517334
H5,2018,2018,2018,6,Export,233,Estonia,EST,0,391590,"Plastics n.e.c. in heading no. 3915; waste, parings and scrap",8,Weight in kilograms,,6851310,6851310,3046839
H5,2018,2018,2018,4,Import,242,Fiji,FJI,0,3915,"Waste, parings and scrap, of plastics",8,Weight in kilograms,,3823,3823,7411
H5,2018,2018,2018,4,Export,242,Fiji,FJI,0,3915,"Waste, parings and scrap, of plastics",8,Weight in kilograms,,1269033,1269033,141675
H5,2018,2018,2018,6,Export,242,Fiji,FJI,0,391510,"Ethylene polymers; waste, parings and scrap",8,Weight in kilograms,,99000,99000,49753
H5,2018,2018,2018,6,Import,242,Fiji,FJI,0,391590,"Plastics n.e.c. in heading no. 3915; waste, parings and scrap",8,Weight in kilograms,,3823,3823,7411
H5,2018,2018,2018,6,Export,242,Fiji,FJI,0,391590,"Plastics n.e.c. in heading no. 3915; waste, parings and scrap",8,Weight in kilograms,,1170033,1170033,91921
H5,2018,2018,2018,4,Import,246,Finland,FIN,0,3915,"Waste, parings and scrap, of plastics",8,Weight in kilograms,,3862391,3862391,3792179
H5,2018,2018,2018,4,Export,246,Finland,FIN,0,3915,"Waste, parings and scrap, of plastics",8,Weight in kilograms,,21575102,,5974499
H5,2018,2018,2018,6,Import,246,Finland,FIN,0,391510,"Ethylene polymers; waste, parings and scrap",8,Weight in kilograms,,2003618,2003618,1734764
H5,2018,2018,2018,6,Export,246,Finland,FIN,0,391510,"Ethylene polymers; waste, parings and scrap",8,Weight in kilograms,,13295153,13295153,4130383
H5,2018,2018,2018,6,Import,246,Finland,FIN,0,391520,"Styrene polymers; waste, parings and scrap",8,Weight in kilograms,,938966,938966,1440404
H5,2018,2018,2018,6,Export,246,Finland,FIN,0,391520,"Styrene polymers; waste, parings and scrap",8,Weight in kilograms,,1285160,1285160,353657
H5,2018,2018,2018,6,Import,246,Finland,FIN,0,391530,"Vinyl chloride polymers; waste, parings and scrap",8,Weight in kilograms,,2035,2035,2330
H5,2018,2018,2018,6,Export,246,Finland,FIN,0,391530,"Vinyl chloride polymers; waste, parings and scrap",8,Weight in kilograms,,670684,,130989
H5,2018,2018,2018,6,Import,246,Finland,FIN,0,391590,"Plastics n.e.c. in heading no. 3915; waste, parings and scrap",8,Weight in kilograms,,917772,917772,614680
H5,2018,2018,2018,6,Export,246,Finland,FIN,0,391590,"Plastics n.e.c. in heading no. 3915; waste, parings and scrap",8,Weight in kilograms,,6324103,6324103,1359470
H5,2018,2018,2018,4,Import,288,Ghana,GHA,0,3915,"Waste, parings and scrap, of plastics",8,Weight in kilograms,,5936183,5936183,1108248
H5,2018,2018,2018,4,Export,288,Ghana,GHA,0,3915,"Waste, parings and scrap, of plastics",8,Weight in kilograms,,66038,66038,7558
H5,2018,2018,2018,6,Import,288,Ghana,GHA,0,391510,"Ethylene polymers; waste, parings and scrap",8,Weight in kilograms,,556404,556404,204197
H5,2018,2018,2018,6,Import,288,Ghana,GHA,0,391520,"Styrene polymers; waste, parings and scrap",8,Weight in kilograms,,23006,23006,38284
H5,2018,2018,2018,6,Import,288,Ghana,GHA,0,391530,"Vinyl chloride polymers; waste, parings and scrap",8,Weight in kilograms,,82429,82429,30663
H5,2018,2018,2018,6,Import,288,Ghana,GHA,0,391590,"Plastics n.e.c. in heading no. 3915; waste, parings and scrap",8,Weight in kilograms,,5274343,5274343,835103
H5,2018,2018,2018,6,Export,288,Ghana,GHA,0,391590,"Plastics n.e.c. in heading no. 3915; waste, parings and scrap",8,Weight in kilograms,,66038,66038,7558
H5,2018,2018,2018,4,Import,300,Greece,GRC,0,3915,"Waste, parings and scrap, of plastics",8,Weight in kilograms,,24383095,24383095,9281137
H5,2018,2018,2018,4,Export,300,Greece,GRC,0,3915,"Waste, parings and scrap, of plastics",8,Weight in kilograms,,52520814,52520814,16774102
H5,2018,2018,2018,6,Import,300,Greece,GRC,0,391510,"Ethylene polymers; waste, parings and scrap",8,Weight in kilograms,,7117177,7117177,3274626
H5,2018,2018,2018,6,Export,300,Greece,GRC,0,391510,"Ethylene polymers; waste, parings and scrap",8,Weight in kilograms,,12827949,12827949,3218590
H5,2018,2018,2018,6,Export,300,Greece,GRC,0,391520,"Styrene polymers; waste, parings and scrap",8,Weight in kilograms,,76757,76757,48594
H5,2018,2018,2018,6,Import,300,Greece,GRC,0,391530,"Vinyl chloride polymers; waste, parings and scrap",8,Weight in kilograms,,186166,186166,89859
H5,2018,2018,2018,6,Export,300,Greece,GRC,0,391530,"Vinyl chloride polymers; waste, parings and scrap",8,Weight in kilograms,,61365,61365,1864
H5,2018,2018,2018,6,Import,300,Greece,GRC,0,391590,"Plastics n.e.c. in heading no. 3915; waste, parings and scrap",8,Weight in kilograms,,17079752,17079752,5916650
H5,2018,2018,2018,6,Export,300,Greece,GRC,0,391590,"Plastics n.e.c. in heading no. 3915; waste, parings and scrap",8,Weight in kilograms,,39554743,39554743,13505052
H5,2018,2018,2018,4,Import,344,"China, Hong Kong SAR",HKG,0,3915,"Waste, parings and scrap, of plastics",8,Weight in kilograms,,598046363,598046363,243632360
H5,2018,2018,2018,4,Export,344,"China, Hong Kong SAR",HKG,0,3915,"Waste, parings and scrap, of plastics",8,Weight in kilograms,,287764630,287764630,95129159
H5,2018,2018,2018,6,Import,344,"China, Hong Kong SAR",HKG,0,391510,"Ethylene polymers; waste, parings and scrap",8,Weight in kilograms,,107003851,107003851,37617850
H5,2018,2018,2018,6,Export,344,"China, Hong Kong SAR",HKG,0,391510,"Ethylene polymers; waste, parings and scrap",8,Weight in kilograms,,41793756,41793756,12316351
H5,2018,2018,2018,6,Import,344,"China, Hong Kong SAR",HKG,0,391520,"Styrene polymers; waste, parings and scrap",8,Weight in kilograms,,54845668,54845668,21054743
H5,2018,2018,2018,6,Export,344,"China, Hong Kong SAR",HKG,0,391520,"Styrene polymers; waste, parings and scrap",8,Weight in kilograms,,16376406,16376406,5594222
H5,2018,2018,2018,6,Import,344,"China, Hong Kong SAR",HKG,0,391530,"Vinyl chloride polymers; waste, parings and scrap",8,Weight in kilograms,,8804765,8804765,2988459
H5,2018,2018,2018,6,Export,344,"China, Hong Kong SAR",HKG,0,391530,"Vinyl chloride polymers; waste, parings and scrap",8,Weight in kilograms,,3909277,3909277,907905
H5,2018,2018,2018,6,Import,344,"China, Hong Kong SAR",HKG,0,391590,"Plastics n.e.c. in heading no. 3915; waste, parings and scrap",8,Weight in kilograms,,427392079,427392079,181971307
H5,2018,2018,2018,6,Export,344,"China, Hong Kong SAR",HKG,0,391590,"Plastics n.e.c. in heading no. 3915; waste, parings and scrap",8,Weight in kilograms,,225685191,225685191,76310680
H5,2018,2018,2018,4,Import,352,Iceland,ISL,0,3915,"Waste, parings and scrap, of plastics",8,Weight in kilograms,,112,112,2578
H5,2018,2018,2018,4,Export,352,Iceland,ISL,0,3915,"Waste, parings and scrap, of plastics",8,Weight in kilograms,,8580272,8580272,2940085
H5,2018,2018,2018,6,Import,352,Iceland,ISL,0,391510,"Ethylene polymers; waste, parings and scrap",8,Weight in kilograms,,29,29,343
H5,2018,2018,2018,6,Export,352,Iceland,ISL,0,391510,"Ethylene polymers; waste, parings and scrap",8,Weight in kilograms,,194325,194325,6261
H5,2018,2018,2018,6,Import,352,Iceland,ISL,0,391520,"Styrene polymers; waste, parings and scrap",8,Weight in kilograms,,39,39,30
H5,2018,2018,2018,6,Import,352,Iceland,ISL,0,391590,"Plastics n.e.c. in heading no. 3915; waste, parings and scrap",8,Weight in kilograms,,43,43,2204
H5,2018,2018,2018,6,Export,352,Iceland,ISL,0,391590,"Plastics n.e.c. in heading no. 3915; waste, parings and scrap",8,Weight in kilograms,,8385947,8385947,2933823
H5,2018,2018,2018,4,Import,360,Indonesia,IDN,0,3915,"Waste, parings and scrap, of plastics",8,Weight in kilograms,,320451809,320451809,102368436
H5,2018,2018,2018,4,Export,360,Indonesia,IDN,0,3915,"Waste, parings and scrap, of plastics",8,Weight in kilograms,,98516368,98516368,44342853
H5,2018,2018,2018,6,Import,360,Indonesia,IDN,0,391510,"Ethylene polymers; waste, parings and scrap",8,Weight in kilograms,,168612222,168612222,43969160
H5,2018,2018,2018,6,Export,360,Indonesia,IDN,0,391510,"Ethylene polymers; waste, parings and scrap",8,Weight in kilograms,,63190774,63190774,20691317
H5,2018,2018,2018,6,Import,360,Indonesia,IDN,0,391520,"Styrene polymers; waste, parings and scrap",8,Weight in kilograms,,4563,4563,4524
H5,2018,2018,2018,6,Export,360,Indonesia,IDN,0,391520,"Styrene polymers; waste, parings and scrap",8,Weight in kilograms,,45168,45168,22874
H5,2018,2018,2018,6,Import,360,Indonesia,IDN,0,391530,"Vinyl chloride polymers; waste, parings and scrap",8,Weight in kilograms,,2373376,2373376,222069
H5,2018,2018,2018,6,Export,360,Indonesia,IDN,0,391530,"Vinyl chloride polymers; waste, parings and scrap",8,Weight in kilograms,,117328,117328,34747
H5,2018,2018,2018,6,Import,360,Indonesia,IDN,0,391590,"Plastics n.e.c. in heading no. 3915; waste, parings and scrap",8,Weight in kilograms,,149461648,149461648,58172683
H5,2018,2018,2018,6,Export,360,Indonesia,IDN,0,391590,"Plastics n.e.c. in heading no. 3915; waste, parings and scrap",8,Weight in kilograms,,35163098,35163098,23593913
H5,2018,2018,2018,4,Import,372,Ireland,IRL,0,3915,"Waste, parings and scrap, of plastics",8,Weight in kilograms,,86737316,86737316,75065165
H5,2018,2018,2018,4,Export,372,Ireland,IRL,0,3915,"Waste, parings and scrap, of plastics",8,Weight in kilograms,,44926976,,14831023
H5,2018,2018,2018,6,Import,372,Ireland,IRL,0,391510,"Ethylene polymers; waste, parings and scrap",8,Weight in kilograms,,4198821,4198821,3731771
H5,2018,2018,2018,6,Export,372,Ireland,IRL,0,391510,"Ethylene polymers; waste, parings and scrap",8,Weight in kilograms,,11127822,11127822,4190227
H5,2018,2018,2018,6,Import,372,Ireland,IRL,0,391520,"Styrene polymers; waste, parings and scrap",8,Weight in kilograms,,21479,21479,84250
H5,2018,2018,2018,6,Export,372,Ireland,IRL,0,391520,"Styrene polymers; waste, parings and scrap",8,Weight in kilograms,,385653,385653,42840
H5,2018,2018,2018,6,Import,372,Ireland,IRL,0,391530,"Vinyl chloride polymers; waste, parings and scrap",8,Weight in kilograms,,9350,9350,69718
H5,2018,2018,2018,6,Export,372,Ireland,IRL,0,391530,"Vinyl chloride polymers; waste, parings and scrap",8,Weight in kilograms,,866154,,930139
H5,2018,2018,2018,6,Import,372,Ireland,IRL,0,391590,"Plastics n.e.c. in heading no. 3915; waste, parings and scrap",8,Weight in kilograms,,82507666,82507666,71179424
H5,2018,2018,2018,6,Export,372,Ireland,IRL,0,391590,"Plastics n.e.c. in heading no. 3915; waste, parings and scrap",8,Weight in kilograms,,32547347,,9667815
H5,2018,2018,2018,4,Import,376,Israel,ISR,0,3915,"Waste, parings and scrap, of plastics",8,Weight in kilograms,,4340429,4340429,2304000
H5,2018,2018,2018,4,Export,376,Israel,ISR,0,3915,"Waste, parings and scrap, of plastics",8,Weight in kilograms,,15991950,15991950,6276000
H5,2018,2018,2018,6,Import,376,Israel,ISR,0,391510,"Ethylene polymers; waste, parings and scrap",8,Weight in kilograms,,991868,991868,396000
H5,2018,2018,2018,6,Export,376,Israel,ISR,0,391510,"Ethylene polymers; waste, parings and scrap",8,Weight in kilograms,,5775300,5775300,1913000
H5,2018,2018,2018,6,Import,376,Israel,ISR,0,391520,"Styrene polymers; waste, parings and scrap",8,Weight in kilograms,,5192,5192,4000
H5,2018,2018,2018,6,Export,376,Israel,ISR,0,391520,"Styrene polymers; waste, parings and scrap",8,Weight in kilograms,,161666,161666,97000
H5,2018,2018,2018,6,Import,376,Israel,ISR,0,391530,"Vinyl chloride polymers; waste, parings and scrap",8,Weight in kilograms,,1255313,1255313,627000
H5,2018,2018,2018,6,Export,376,Israel,ISR,0,391530,"Vinyl chloride polymers; waste, parings and scrap",8,Weight in kilograms,,301076,301076,130000
H5,2018,2018,2018,6,Import,376,Israel,ISR,0,391590,"Plastics n.e.c. in heading no. 3915; waste, parings and scrap",8,Weight in kilograms,,2088054,2088054,1277000
H5,2018,2018,2018,6,Export,376,Israel,ISR,0,391590,"Plastics n.e.c. in heading no. 3915; waste, parings and scrap",8,Weight in kilograms,,9753907,9753907,4136000
H5,2018,2018,2018,4,Import,398,Kazakhstan,KAZ,0,3915,"Waste, parings and scrap, of plastics",8,Weight in kilograms,,778439,778439,692960
H5,2018,2018,2018,4,Export,398,Kazakhstan,KAZ,0,3915,"Waste, parings and scrap, of plastics",8,Weight in kilograms,,6247955,6247955,1047388
H5,2018,2018,2018,6,Import,398,Kazakhstan,KAZ,0,391510,"Ethylene polymers; waste, parings and scrap",8,Weight in kilograms,,2060,2060,3494
H5,2018,2018,2018,6,Export,398,Kazakhstan,KAZ,0,391510,"Ethylene polymers; waste, parings and scrap",8,Weight in kilograms,,3075182,3075182,252842
H5,2018,2018,2018,6,Import,398,Kazakhstan,KAZ,0,391530,"Vinyl chloride polymers; waste, parings and scrap",8,Weight in kilograms,,27001,27001,3927
H5,2018,2018,2018,6,Export,398,Kazakhstan,KAZ,0,391530,"Vinyl chloride polymers; waste, parings and scrap",8,Weight in kilograms,,84355,84355,27245
H5,2018,2018,2018,6,Import,398,Kazakhstan,KAZ,0,391590,"Plastics n.e.c. in heading no. 3915; waste, parings and scrap",8,Weight in kilograms,,749378,749378,685537
H5,2018,2018,2018,6,Export,398,Kazakhstan,KAZ,0,391590,"Plastics n.e.c. in heading no. 3915; waste, parings and scrap",8,Weight in kilograms,,3088418,3088418,767300
H5,2018,2018,2018,4,Import,417,Kyrgyzstan,KGZ,0,3915,"Waste, parings and scrap, of plastics",8,Weight in kilograms,,1066046,1066046,347989
H5,2018,2018,2018,4,Export,417,Kyrgyzstan,KGZ,0,3915,"Waste, parings and scrap, of plastics",8,Weight in kilograms,,808503,808503,131694
H5,2018,2018,2018,6,Import,417,Kyrgyzstan,KGZ,0,391510,"Ethylene polymers; waste, parings and scrap",8,Weight in kilograms,,284266,284266,7371
H5,2018,2018,2018,6,Export,417,Kyrgyzstan,KGZ,0,391510,"Ethylene polymers; waste, parings and scrap",8,Weight in kilograms,,63170,63170,3562
H5,2018,2018,2018,6,Import,417,Kyrgyzstan,KGZ,0,391590,"Plastics n.e.c. in heading no. 3915; waste, parings and scrap",8,Weight in kilograms,,781780,781780,340618
H5,2018,2018,2018,6,Export,417,Kyrgyzstan,KGZ,0,391590,"Plastics n.e.c. in heading no. 3915; waste, parings and scrap",8,Weight in kilograms,,745333,745333,128132
H5,2018,2018,2018,4,Import,428,Latvia,LVA,0,3915,"Waste, parings and scrap, of plastics",8,Weight in kilograms,,18071084,18071084,9165223
H5,2018,2018,2018,4,Export,428,Latvia,LVA,0,3915,"Waste, parings and scrap, of plastics",8,Weight in kilograms,,10259392,10259392,3174410
H5,2018,2018,2018,6,Import,428,Latvia,LVA,0,391510,"Ethylene polymers; waste, parings and scrap",8,Weight in kilograms,,1419288,1419288,677548
H5,2018,2018,2018,6,Export,428,Latvia,LVA,0,391510,"Ethylene polymers; waste, parings and scrap",8,Weight in kilograms,,5965996,5965996,1637121
H5,2018,2018,2018,6,Import,428,Latvia,LVA,0,391520,"Styrene polymers; waste, parings and scrap",8,Weight in kilograms,,2325,2325,1621
H5,2018,2018,2018,6,Export,428,Latvia,LVA,0,391520,"Styrene polymers; waste, parings and scrap",8,Weight in kilograms,,961718,961718,123077
H5,2018,2018,2018,6,Import,428,Latvia,LVA,0,391530,"Vinyl chloride polymers; waste, parings and scrap",8,Weight in kilograms,,62280,62280,14981
H5,2018,2018,2018,6,Export,428,Latvia,LVA,0,391530,"Vinyl chloride polymers; waste, parings and scrap",8,Weight in kilograms,,290281,290281,65277
H5,2018,2018,2018,6,Import,428,Latvia,LVA,0,391590,"Plastics n.e.c. in heading no. 3915; waste, parings and scrap",8,Weight in kilograms,,16587191,16587191,8471072
H5,2018,2018,2018,6,Export,428,Latvia,LVA,0,391590,"Plastics n.e.c. in heading no. 3915; waste, parings and scrap",8,Weight in kilograms,,3041397,3041397,1348934
H5,2018,2018,2018,4,Import,440,Lithuania,LTU,0,3915,"Waste, parings and scrap, of plastics",8,Weight in kilograms,,55763843,55763843,11351729
H5,2018,2018,2018,4,Export,440,Lithuania,LTU,0,3915,"Waste, parings and scrap, of plastics",8,Weight in kilograms,,34404343,34404343,10814602
H5,2018,2018,2018,6,Import,440,Lithuania,LTU,0,391510,"Ethylene polymers; waste, parings and scrap",8,Weight in kilograms,,46180626,46180626,6635052
H5,2018,2018,2018,6,Export,440,Lithuania,LTU,0,391510,"Ethylene polymers; waste, parings and scrap",8,Weight in kilograms,,4475480,4475480,1466490
H5,2018,2018,2018,6,Import,440,Lithuania,LTU,0,391520,"Styrene polymers; waste, parings and scrap",8,Weight in kilograms,,342716,342716,279920
H5,2018,2018,2018,6,Export,440,Lithuania,LTU,0,391520,"Styrene polymers; waste, parings and scrap",8,Weight in kilograms,,1882305,1882305,351359
H5,2018,2018,2018,6,Import,440,Lithuania,LTU,0,391530,"Vinyl chloride polymers; waste, parings and scrap",8,Weight in kilograms,,128254,128254,146674
H5,2018,2018,2018,6,Export,440,Lithuania,LTU,0,391530,"Vinyl chloride polymers; waste, parings and scrap",8,Weight in kilograms,,188331,188331,69006
H5,2018,2018,2018,6,Import,440,Lithuania,LTU,0,391590,"Plastics n.e.c. in heading no. 3915; waste, parings and scrap",8,Weight in kilograms,,9112246,9112246,4290083
H5,2018,2018,2018,6,Export,440,Lithuania,LTU,0,391590,"Plastics n.e.c. in heading no. 3915; waste, parings and scrap",8,Weight in kilograms,,27858227,27858227,8927747
H5,2018,2018,2018,4,Import,480,Mauritius,MUS,0,3915,"Waste, parings and scrap, of plastics",8,Weight in kilograms,,20140,6669,18033
H5,2018,2018,2018,4,Export,480,Mauritius,MUS,0,3915,"Waste, parings and scrap, of plastics",8,Weight in kilograms,,1822585,1376031,673743
H5,2018,2018,2018,6,Export,480,Mauritius,MUS,0,391510,"Ethylene polymers; waste, parings and scrap",8,Weight in kilograms,,1682756,1233071,637461
H5,2018,2018,2018,6,Import,480,Mauritius,MUS,0,391520,"Styrene polymers; waste, parings and scrap",8,Weight in kilograms,,6000,6000,10238
H5,2018,2018,2018,6,Import,480,Mauritius,MUS,0,391590,"Plastics n.e.c. in heading no. 3915; waste, parings and scrap",8,Weight in kilograms,,14140,669,7795
H5,2018,2018,2018,6,Export,480,Mauritius,MUS,0,391590,"Plastics n.e.c. in heading no. 3915; waste, parings and scrap",8,Weight in kilograms,,139829,142960,36282
H5,2018,2018,2018,4,Import,499,Montenegro,MNE,0,3915,"Waste, parings and scrap, of plastics",8,Weight in kilograms,,27379,27379,9766
H5,2018,2018,2018,4,Export,499,Montenegro,MNE,0,3915,"Waste, parings and scrap, of plastics",8,Weight in kilograms,,346009,346009,87858
H5,2018,2018,2018,6,Import,499,Montenegro,MNE,0,391510,"Ethylene polymers; waste, parings and scrap",8,Weight in kilograms,,24120,24120,4346
H5,2018,2018,2018,6,Export,499,Montenegro,MNE,0,391510,"Ethylene polymers; waste, parings and scrap",8,Weight in kilograms,,237789,237789,54409
H5,2018,2018,2018,6,Export,499,Montenegro,MNE,0,391520,"Styrene polymers; waste, parings and scrap",8,Weight in kilograms,,2040,2040,2292
H5,2018,2018,2018,6,Import,499,Montenegro,MNE,0,391590,"Plastics n.e.c. in heading no. 3915; waste, parings and scrap",8,Weight in kilograms,,3259,3259,5420
H5,2018,2018,2018,6,Export,499,Montenegro,MNE,0,391590,"Plastics n.e.c. in heading no. 3915; waste, parings and scrap",8,Weight in kilograms,,106180,106180,31157
H5,2018,2018,2018,4,Import,508,Mozambique,MOZ,0,3915,"Waste, parings and scrap, of plastics",8,Weight in kilograms,,801695,1098665,518141
H5,2018,2018,2018,4,Export,508,Mozambique,MOZ,0,3915,"Waste, parings and scrap, of plastics",8,Weight in kilograms,,662024,1495102,220922
H5,2018,2018,2018,6,Import,508,Mozambique,MOZ,0,391510,"Ethylene polymers; waste, parings and scrap",8,Weight in kilograms,,141379,236109,183938
H5,2018,2018,2018,6,Export,508,Mozambique,MOZ,0,391510,"Ethylene polymers; waste, parings and scrap",1,No Quantity,,0,25000,10295
H5,2018,2018,2018,6,Import,508,Mozambique,MOZ,0,391520,"Styrene polymers; waste, parings and scrap",8,Weight in kilograms,,40205,40205,30152
H5,2018,2018,2018,6,Import,508,Mozambique,MOZ,0,391530,"Vinyl chloride polymers; waste, parings and scrap",8,Weight in kilograms,,850,6000,3826
H5,2018,2018,2018,6,Import,508,Mozambique,MOZ,0,391590,"Plastics n.e.c. in heading no. 3915; waste, parings and scrap",8,Weight in kilograms,,619261,816351,300225
H5,2018,2018,2018,6,Export,508,Mozambique,MOZ,0,391590,"Plastics n.e.c. in heading no. 3915; waste, parings and scrap",8,Weight in kilograms,,637024,1470102,210627
H5,2018,2018,2018,4,Import,554,New Zealand,NZL,0,3915,"Waste, parings and scrap, of plastics",8,Weight in kilograms,,6616704,6616704,4701311
H5,2018,2018,2018,4,Export,554,New Zealand,NZL,0,3915,"Waste, parings and scrap, of plastics",8,Weight in kilograms,,36776506,36776506,5995345
H5,2018,2018,2018,4,Re-Export,554,New Zealand,NZL,0,3915,"Waste, parings and scrap, of plastics",8,Weight in kilograms,,250481,250481,45698
H5,2018,2018,2018,4,Re-Import,554,New Zealand,NZL,0,3915,"Waste, parings and scrap, of plastics",8,Weight in kilograms,,77770,77770,24917
H5,2018,2018,2018,6,Import,554,New Zealand,NZL,0,391510,"Ethylene polymers; waste, parings and scrap",8,Weight in kilograms,,958304,958304,1316598
H5,2018,2018,2018,6,Export,554,New Zealand,NZL,0,391510,"Ethylene polymers; waste, parings and scrap",8,Weight in kilograms,,15492749,15492749,2430901
H5,2018,2018,2018,6,Re-Export,554,New Zealand,NZL,0,391510,"Ethylene polymers; waste, parings and scrap",8,Weight in kilograms,,70980,70980,24902
H5,2018,2018,2018,6,Import,554,New Zealand,NZL,0,391520,"Styrene polymers; waste, parings and scrap",8,Weight in kilograms,,71803,71803,51050
H5,2018,2018,2018,6,Export,554,New Zealand,NZL,0,391520,"Styrene polymers; waste, parings and scrap",8,Weight in kilograms,,703128,703128,175399
H5,2018,2018,2018,6,Re-Export,554,New Zealand,NZL,0,391520,"Styrene polymers; waste, parings and scrap",8,Weight in kilograms,,23140,23140,1678
H5,2018,2018,2018,6,Re-Import,554,New Zealand,NZL,0,391520,"Styrene polymers; waste, parings and scrap",8,Weight in kilograms,,57600,57600,23275
H5,2018,2018,2018,6,Import,554,New Zealand,NZL,0,391530,"Vinyl chloride polymers; waste, parings and scrap",8,Weight in kilograms,,121332,121332,75821
H5,2018,2018,2018,6,Import,554,New Zealand,NZL,0,391590,"Plastics n.e.c. in heading no. 3915; waste, parings and scrap",8,Weight in kilograms,,5465265,5465265,3257840
H5,2018,2018,2018,6,Export,554,New Zealand,NZL,0,391590,"Plastics n.e.c. in heading no. 3915; waste, parings and scrap",8,Weight in kilograms,,20580629,20580629,3389044
H5,2018,2018,2018,6,Re-Export,554,New Zealand,NZL,0,391590,"Plastics n.e.c. in heading no. 3915; waste, parings and scrap",8,Weight in kilograms,,156361,156361,19117
H5,2018,2018,2018,6,Re-Import,554,New Zealand,NZL,0,391590,"Plastics n.e.c. in heading no. 3915; waste, parings and scrap",8,Weight in kilograms,,20170,20170,1642
H5,2018,2018,2018,4,Import,586,Pakistan,PAK,0,3915,"Waste, parings and scrap, of plastics",8,Weight in kilograms,,97810978,97810978,22318238
H5,2018,2018,2018,4,Export,586,Pakistan,PAK,0,3915,"Waste, parings and scrap, of plastics",8,Weight in kilograms,,16819441,16819441,11366857
H5,2018,2018,2018,4,Re-Import,586,Pakistan,PAK,0,3915,"Waste, parings and scrap, of plastics",8,Weight in kilograms,,6898968,6898968,1853763
H5,2018,2018,2018,6,Import,586,Pakistan,PAK,0,391510,"Ethylene polymers; waste, parings and scrap",8,Weight in kilograms,,3180269,3180269,1029892
H5,2018,2018,2018,6,Export,586,Pakistan,PAK,0,391510,"Ethylene polymers; waste, parings and scrap",8,Weight in kilograms,,4811360,4811360,3242790
H5,2018,2018,2018,6,Re-Import,586,Pakistan,PAK,0,391510,"Ethylene polymers; waste, parings and scrap",8,Weight in kilograms,,690127,690127,188973
H5,2018,2018,2018,6,Export,586,Pakistan,PAK,0,391520,"Styrene polymers; waste, parings and scrap",8,Weight in kilograms,,194916,194916,115554
H5,2018,2018,2018,6,Import,586,Pakistan,PAK,0,391530,"Vinyl chloride polymers; waste, parings and scrap",8,Weight in kilograms,,55863395,55863395,11476699
H5,2018,2018,2018,6,Re-Import,586,Pakistan,PAK,0,391530,"Vinyl chloride polymers; waste, parings and scrap",8,Weight in kilograms,,709154,709154,291569
H5,2018,2018,2018,6,Import,586,Pakistan,PAK,0,391590,"Plastics n.e.c. in heading no. 3915; waste, parings and scrap",8,Weight in kilograms,,38767314,38767314,9811646
H5,2018,2018,2018,6,Export,586,Pakistan,PAK,0,391590,"Plastics n.e.c. in heading no. 3915; waste, parings and scrap",8,Weight in kilograms,,11813165,11813165,8008512
H5,2018,2018,2018,6,Re-Import,586,Pakistan,PAK,0,391590,"Plastics n.e.c. in heading no. 3915; waste, parings and scrap",8,Weight in kilograms,,5499687,5499687,1373220
H5,2018,2018,2018,4,Import,600,Paraguay,PRY,0,3915,"Waste, parings and scrap, of plastics",8,Weight in kilograms,,1942001,1942001,872636
H5,2018,2018,2018,4,Export,600,Paraguay,PRY,0,3915,"Waste, parings and scrap, of plastics",8,Weight in kilograms,,1932873,1932873,1352787
H5,2018,2018,2018,6,Import,600,Paraguay,PRY,0,391510,"Ethylene polymers; waste, parings and scrap",8,Weight in kilograms,,1135748,1135748,568685
H5,2018,2018,2018,6,Export,600,Paraguay,PRY,0,391510,"Ethylene polymers; waste, parings and scrap",8,Weight in kilograms,,635600,635600,172372
H5,2018,2018,2018,6,Import,600,Paraguay,PRY,0,391520,"Styrene polymers; waste, parings and scrap",8,Weight in kilograms,,251115,,94902
H5,2018,2018,2018,6,Import,600,Paraguay,PRY,0,391590,"Plastics n.e.c. in heading no. 3915; waste, parings and scrap",8,Weight in kilograms,,555138,555138,209049
H5,2018,2018,2018,6,Export,600,Paraguay,PRY,0,391590,"Plastics n.e.c. in heading no. 3915; waste, parings and scrap",8,Weight in kilograms,,1297273,1297273,1180415
H5,2018,2018,2018,4,Import,616,Poland,POL,0,3915,"Waste, parings and scrap, of plastics",8,Weight in kilograms,,165372821,165372821,78946833
H5,2018,2018,2018,4,Export,616,Poland,POL,0,3915,"Waste, parings and scrap, of plastics",8,Weight in kilograms,,158266134,158266134,71549697
H5,2018,2018,2018,6,Import,616,Poland,POL,0,391510,"Ethylene polymers; waste, parings and scrap",8,Weight in kilograms,,60108128,60108128,22582711
H5,2018,2018,2018,6,Export,616,Poland,POL,0,391510,"Ethylene polymers; waste, parings and scrap",8,Weight in kilograms,,76396698,76396698,30564528
H5,2018,2018,2018,6,Import,616,Poland,POL,0,391520,"Styrene polymers; waste, parings and scrap",8,Weight in kilograms,,20916552,20916552,4558677
H5,2018,2018,2018,6,Export,616,Poland,POL,0,391520,"Styrene polymers; waste, parings and scrap",8,Weight in kilograms,,6279109,6279109,5610144
H5,2018,2018,2018,6,Import,616,Poland,POL,0,391530,"Vinyl chloride polymers; waste, parings and scrap",8,Weight in kilograms,,13984241,13984241,6578378
H5,2018,2018,2018,6,Export,616,Poland,POL,0,391530,"Vinyl chloride polymers; waste, parings and scrap",8,Weight in kilograms,,12613056,12613056,10131550
H5,2018,2018,2018,6,Import,616,Poland,POL,0,391590,"Plastics n.e.c. in heading no. 3915; waste, parings and scrap",8,Weight in kilograms,,70363900,70363900,45227067
H5,2018,2018,2018,6,Export,616,Poland,POL,0,391590,"Plastics n.e.c. in heading no. 3915; waste, parings and scrap",8,Weight in kilograms,,62977271,62977271,25243475
H5,2018,2018,2018,4,Import,620,Portugal,PRT,0,3915,"Waste, parings and scrap, of plastics",8,Weight in kilograms,,102234768,102234768,31923679
H5,2018,2018,2018,4,Export,620,Portugal,PRT,0,3915,"Waste, parings and scrap, of plastics",8,Weight in kilograms,,45849400,45849400,20259628
H5,2018,2018,2018,6,Import,620,Portugal,PRT,0,391510,"Ethylene polymers; waste, parings and scrap",8,Weight in kilograms,,30984441,30984441,13264736
H5,2018,2018,2018,6,Export,620,Portugal,PRT,0,391510,"Ethylene polymers; waste, parings and scrap",8,Weight in kilograms,,18336455,18336455,9970276
H5,2018,2018,2018,6,Import,620,Portugal,PRT,0,391520,"Styrene polymers; waste, parings and scrap",8,Weight in kilograms,,2614440,2614440,2013272
H5,2018,2018,2018,6,Export,620,Portugal,PRT,0,391520,"Styrene polymers; waste, parings and scrap",8,Weight in kilograms,,1451475,1451475,813536
H5,2018,2018,2018,6,Import,620,Portugal,PRT,0,391530,"Vinyl chloride polymers; waste, parings and scrap",8,Weight in kilograms,,2988447,2988447,3016140
H5,2018,2018,2018,6,Export,620,Portugal,PRT,0,391530,"Vinyl chloride polymers; waste, parings and scrap",8,Weight in kilograms,,1166577,1166577,272471
H5,2018,2018,2018,6,Import,620,Portugal,PRT,0,391590,"Plastics n.e.c. in heading no. 3915; waste, parings and scrap",8,Weight in kilograms,,65647440,65647440,13629530
H5,2018,2018,2018,6,Export,620,Portugal,PRT,0,391590,"Plastics n.e.c. in heading no. 3915; waste, parings and scrap",8,Weight in kilograms,,24894893,24894893,9203343
H5,2018,2018,2018,4,Import,642,Romania,ROU,0,3915,"Waste, parings and scrap, of plastics",8,Weight in kilograms,,84931746,84931746,41511307
H5,2018,2018,2018,4,Export,642,Romania,ROU,0,3915,"Waste, parings and scrap, of plastics",8,Weight in kilograms,,29290073,,13985817
H5,2018,2018,2018,6,Import,642,Romania,ROU,0,391510,"Ethylene polymers; waste, parings and scrap",8,Weight in kilograms,,4270006,4270006,1895712
H5,2018,2018,2018,6,Export,642,Romania,ROU,0,391510,"Ethylene polymers; waste, parings and scrap",8,Weight in kilograms,,9725815,,4231901
H5,2018,2018,2018,6,Import,642,Romania,ROU,0,391520,"Styrene polymers; waste, parings and scrap",8,Weight in kilograms,,3729136,3729136,1995533
H5,2018,2018,2018,6,Export,642,Romania,ROU,0,391520,"Styrene polymers; waste, parings and scrap",8,Weight in kilograms,,1088914,1088914,723842
H5,2018,2018,2018,6,Import,642,Romania,ROU,0,391530,"Vinyl chloride polymers; waste, parings and scrap",8,Weight in kilograms,,2845586,2845586,1120481
H5,2018,2018,2018,6,Export,642,Romania,ROU,0,391530,"Vinyl chloride polymers; waste, parings and scrap",8,Weight in kilograms,,1015828,1015828,168922
H5,2018,2018,2018,6,Import,642,Romania,ROU,0,391590,"Plastics n.e.c. in heading no. 3915; waste, parings and scrap",8,Weight in kilograms,,74087017,74087017,36499580
H5,2018,2018,2018,6,Export,642,Romania,ROU,0,391590,"Plastics n.e.c. in heading no. 3915; waste, parings and scrap",8,Weight in kilograms,,17459516,17459516,8861150
H5,2018,2018,2018,4,Import,688,Serbia,SRB,0,3915,"Waste, parings and scrap, of plastics",8,Weight in kilograms,,18168016,18168016,4674248
H5,2018,2018,2018,4,Export,688,Serbia,SRB,0,3915,"Waste, parings and scrap, of plastics",8,Weight in kilograms,,11420650,11420650,4314293
H5,2018,2018,2018,6,Import,688,Serbia,SRB,0,391510,"Ethylene polymers; waste, parings and scrap",8,Weight in kilograms,,13220213,13220213,3559034
H5,2018,2018,2018,6,Export,688,Serbia,SRB,0,391510,"Ethylene polymers; waste, parings and scrap",8,Weight in kilograms,,3101680,3101680,847708
H5,2018,2018,2018,6,Import,688,Serbia,SRB,0,391520,"Styrene polymers; waste, parings and scrap",8,Weight in kilograms,,7238,7238,2745
H5,2018,2018,2018,6,Import,688,Serbia,SRB,0,391530,"Vinyl chloride polymers; waste, parings and scrap",8,Weight in kilograms,,1380384,1380384,260016
H5,2018,2018,2018,6,Export,688,Serbia,SRB,0,391530,"Vinyl chloride polymers; waste, parings and scrap",8,Weight in kilograms,,952060,952060,300554
H5,2018,2018,2018,6,Import,688,Serbia,SRB,0,391590,"Plastics n.e.c. in heading no. 3915; waste, parings and scrap",8,Weight in kilograms,,3560181,3560181,852453
H5,2018,2018,2018,6,Export,688,Serbia,SRB,0,391590,"Plastics n.e.c. in heading no. 3915; waste, parings and scrap",8,Weight in kilograms,,7366910,7366910,3166031
H5,2018,2018,2018,4,Import,699,India,IND,0,3915,"Waste, parings and scrap, of plastics",8,Weight in kilograms,,239158171,239158171,84447738
H5,2018,2018,2018,4,Export,699,India,IND,0,3915,"Waste, parings and scrap, of plastics",8,Weight in kilograms,,3223241,3223241,4184718
H5,2018,2018,2018,6,Import,699,India,IND,0,391510,"Ethylene polymers; waste, parings and scrap",8,Weight in kilograms,,42039316,42039316,14812093
H5,2018,2018,2018,6,Export,699,India,IND,0,391510,"Ethylene polymers; waste, parings and scrap",8,Weight in kilograms,,117580,117580,113214
H5,2018,2018,2018,6,Import,699,India,IND,0,391520,"Styrene polymers; waste, parings and scrap",8,Weight in kilograms,,46000,46000,31170
H5,2018,2018,2018,6,Export,699,India,IND,0,391520,"Styrene polymers; waste, parings and scrap",8,Weight in kilograms,,1010000,1010000,947584
H5,2018,2018,2018,6,Import,699,India,IND,0,391530,"Vinyl chloride polymers; waste, parings and scrap",8,Weight in kilograms,,58932580,58932580,20294555
H5,2018,2018,2018,6,Export,699,India,IND,0,391530,"Vinyl chloride polymers; waste, parings and scrap",8,Weight in kilograms,,575696,575696,1271972
H5,2018,2018,2018,6,Import,699,India,IND,0,391590,"Plastics n.e.c. in heading no. 3915; waste, parings and scrap",8,Weight in kilograms,,138140275,138140275,49309919
H5,2018,2018,2018,6,Export,699,India,IND,0,391590,"Plastics n.e.c. in heading no. 3915; waste, parings and scrap",8,Weight in kilograms,,1519965,1519965,1851946
H5,2018,2018,2018,4,Import,703,Slovakia,SVK,0,3915,"Waste, parings and scrap, of plastics",8,Weight in kilograms,,20871053,,9040226
H5,2018,2018,2018,4,Export,703,Slovakia,SVK,0,3915,"Waste, parings and scrap, of plastics",8,Weight in kilograms,,36378472,36378472,20160743
H5,2018,2018,2018,4,Re-Import,703,Slovakia,SVK,0,3915,"Waste, parings and scrap, of plastics",8,Weight in kilograms,,121549,121549,36038
H5,2018,2018,2018,6,Import,703,Slovakia,SVK,0,391510,"Ethylene polymers; waste, parings and scrap",8,Weight in kilograms,,7238962,7238962,1847637
H5,2018,2018,2018,6,Export,703,Slovakia,SVK,0,391510,"Ethylene polymers; waste, parings and scrap",8,Weight in kilograms,,9570460,9570460,2551307
H5,2018,2018,2018,6,Re-Import,703,Slovakia,SVK,0,391510,"Ethylene polymers; waste, parings and scrap",8,Weight in kilograms,,66300,66300,10609
H5,2018,2018,2018,6,Import,703,Slovakia,SVK,0,391520,"Styrene polymers; waste, parings and scrap",8,Weight in kilograms,,425305,425305,60497
H5,2018,2018,2018,6,Export,703,Slovakia,SVK,0,391520,"Styrene polymers; waste, parings and scrap",8,Weight in kilograms,,1482477,1482477,1752095
H5,2018,2018,2018,6,Import,703,Slovakia,SVK,0,391530,"Vinyl chloride polymers; waste, parings and scrap",8,Weight in kilograms,,3411543,3411543,1918896
H5,2018,2018,2018,6,Export,703,Slovakia,SVK,0,391530,"Vinyl chloride polymers; waste, parings and scrap",8,Weight in kilograms,,4568542,4568542,1472972
H5,2018,2018,2018,6,Import,703,Slovakia,SVK,0,391590,"Plastics n.e.c. in heading no. 3915; waste, parings and scrap",8,Weight in kilograms,,9795243,,5213194
H5,2018,2018,2018,6,Export,703,Slovakia,SVK,0,391590,"Plastics n.e.c. in heading no. 3915; waste, parings and scrap",8,Weight in kilograms,,20756993,20756993,14384368
H5,2018,2018,2018,6,Re-Import,703,Slovakia,SVK,0,391590,"Plastics n.e.c. in heading no. 3915; waste, parings and scrap",8,Weight in kilograms,,55249,55249,25429
H5,2018,2018,2018,4,Import,705,Slovenia,SVN,0,3915,"Waste, parings and scrap, of plastics",8,Weight in kilograms,,89119050,89119050,26392690
H5,2018,2018,2018,4,Export,705,Slovenia,SVN,0,3915,"Waste, parings and scrap, of plastics",8,Weight in kilograms,,120960836,,37165739
H5,2018,2018,2018,4,Re-Import,705,Slovenia,SVN,0,3915,"Waste, parings and scrap, of plastics",8,Weight in kilograms,,64593,64593,6006
H5,2018,2018,2018,6,Import,705,Slovenia,SVN,0,391510,"Ethylene polymers; waste, parings and scrap",8,Weight in kilograms,,62598431,62598431,12661793
H5,2018,2018,2018,6,Export,705,Slovenia,SVN,0,391510,"Ethylene polymers; waste, parings and scrap",8,Weight in kilograms,,55551982,,17562031
H5,2018,2018,2018,6,Re-Import,705,Slovenia,SVN,0,391510,"Ethylene polymers; waste, parings and scrap",8,Weight in kilograms,,20733,20733,5491
H5,2018,2018,2018,6,Import,705,Slovenia,SVN,0,391520,"Styrene polymers; waste, parings and scrap",8,Weight in kilograms,,85486,85486,22159
H5,2018,2018,2018,6,Export,705,Slovenia,SVN,0,391520,"Styrene polymers; waste, parings and scrap",8,Weight in kilograms,,1410090,1410090,1044105
H5,2018,2018,2018,6,Import,705,Slovenia,SVN,0,391530,"Vinyl chloride polymers; waste, parings and scrap",8,Weight in kilograms,,494107,494107,276952
H5,2018,2018,2018,6,Export,705,Slovenia,SVN,0,391530,"Vinyl chloride polymers; waste, parings and scrap",8,Weight in kilograms,,889116,889116,198914
H5,2018,2018,2018,6,Import,705,Slovenia,SVN,0,391590,"Plastics n.e.c. in heading no. 3915; waste, parings and scrap",8,Weight in kilograms,,25941025,,13431786
H5,2018,2018,2018,6,Export,705,Slovenia,SVN,0,391590,"Plastics n.e.c. in heading no. 3915; waste, parings and scrap",8,Weight in kilograms,,63109647,,18360688
H5,2018,2018,2018,6,Re-Import,705,Slovenia,SVN,0,391590,"Plastics n.e.c. in heading no. 3915; waste, parings and scrap",8,Weight in kilograms,,43860,43860,514
H5,2018,2018,2018,4,Import,716,Zimbabwe,ZWE,0,3915,"Waste, parings and scrap, of plastics",8,Weight in kilograms,,3207005,3207005,2177076
H5,2018,2018,2018,4,Export,716,Zimbabwe,ZWE,0,3915,"Waste, parings and scrap, of plastics",8,Weight in kilograms,,3487904,3487904,705489
H5,2018,2018,2018,6,Import,716,Zimbabwe,ZWE,0,391510,"Ethylene polymers; waste, parings and scrap",8,Weight in kilograms,,1077000,1077000,1128403
H5,2018,2018,2018,6,Export,716,Zimbabwe,ZWE,0,391510,"Ethylene polymers; waste, parings and scrap",8,Weight in kilograms,,6663,6663,1407
H5,2018,2018,2018,6,Import,716,Zimbabwe,ZWE,0,391530,"Vinyl chloride polymers; waste, parings and scrap",8,Weight in kilograms,,221520,221520,131148
H5,2018,2018,2018,6,Import,716,Zimbabwe,ZWE,0,391590,"Plastics n.e.c. in heading no. 3915; waste, parings and scrap",8,Weight in kilograms,,1908485,1908485,917524
H5,2018,2018,2018,6,Export,716,Zimbabwe,ZWE,0,391590,"Plastics n.e.c. in heading no. 3915; waste, parings and scrap",8,Weight in kilograms,,3481241,3481241,704082
H5,2018,2018,2018,4,Import,752,Sweden,SWE,0,3915,"Waste, parings and scrap, of plastics",8,Weight in kilograms,,39735228,39735228,12132836
H5,2018,2018,2018,4,Export,752,Sweden,SWE,0,3915,"Waste, parings and scrap, of plastics",8,Weight in kilograms,,75729625,75729625,16748661
H5,2018,2018,2018,6,Import,752,Sweden,SWE,0,391510,"Ethylene polymers; waste, parings and scrap",8,Weight in kilograms,,6670962,6670962,3760616
H5,2018,2018,2018,6,Export,752,Sweden,SWE,0,391510,"Ethylene polymers; waste, parings and scrap",8,Weight in kilograms,,28617096,28617096,5872299
H5,2018,2018,2018,6,Import,752,Sweden,SWE,0,391520,"Styrene polymers; waste, parings and scrap",8,Weight in kilograms,,557395,557395,324212
H5,2018,2018,2018,6,Export,752,Sweden,SWE,0,391520,"Styrene polymers; waste, parings and scrap",8,Weight in kilograms,,7415450,7415450,1391156
H5,2018,2018,2018,6,Import,752,Sweden,SWE,0,391530,"Vinyl chloride polymers; waste, parings and scrap",8,Weight in kilograms,,69000,69000,15192
H5,2018,2018,2018,6,Export,752,Sweden,SWE,0,391530,"Vinyl chloride polymers; waste, parings and scrap",8,Weight in kilograms,,952000,952000,290409
H5,2018,2018,2018,6,Import,752,Sweden,SWE,0,391590,"Plastics n.e.c. in heading no. 3915; waste, parings and scrap",8,Weight in kilograms,,32437870,32437870,8032814
H5,2018,2018,2018,6,Export,752,Sweden,SWE,0,391590,"Plastics n.e.c. in heading no. 3915; waste, parings and scrap",8,Weight in kilograms,,38745077,38745077,9194797
H5,2018,2018,2018,4,Import,757,Switzerland,CHE,0,3915,"Waste, parings and scrap, of plastics",8,Weight in kilograms,,53803855,53803855,7108752
H5,2018,2018,2018,4,Export,757,Switzerland,CHE,0,3915,"Waste, parings and scrap, of plastics",8,Weight in kilograms,,89775318,,19159856
H5,2018,2018,2018,6,Import,757,Switzerland,CHE,0,391510,"Ethylene polymers; waste, parings and scrap",8,Weight in kilograms,,10026040,10026040,3691336
H5,2018,2018,2018,6,Export,757,Switzerland,CHE,0,391510,"Ethylene polymers; waste, parings and scrap",8,Weight in kilograms,,19834720,,4321651
H5,2018,2018,2018,6,Import,757,Switzerland,CHE,0,391520,"Styrene polymers; waste, parings and scrap",8,Weight in kilograms,,191936,191936,65387
H5,2018,2018,2018,6,Export,757,Switzerland,CHE,0,391520,"Styrene polymers; waste, parings and scrap",8,Weight in kilograms,,3250255,3250255,1094779
H5,2018,2018,2018,6,Import,757,Switzerland,CHE,0,391530,"Vinyl chloride polymers; waste, parings and scrap",8,Weight in kilograms,,229399,229399,217278
H5,2018,2018,2018,6,Export,757,Switzerland,CHE,0,391530,"Vinyl chloride polymers; waste, parings and scrap",8,Weight in kilograms,,5527171,5527171,577348
H5,2018,2018,2018,6,Import,757,Switzerland,CHE,0,391590,"Plastics n.e.c. in heading no. 3915; waste, parings and scrap",8,Weight in kilograms,,43356480,43356480,3134750
H5,2018,2018,2018,6,Export,757,Switzerland,CHE,0,391590,"Plastics n.e.c. in heading no. 3915; waste, parings and scrap",8,Weight in kilograms,,61163171,61163171,13166077
H5,2018,2018,2018,4,Import,764,Thailand,THA,0,3915,"Waste, parings and scrap, of plastics",8,Weight in kilograms,,552726632,552726632,72912665
H5,2018,2018,2018,4,Export,764,Thailand,THA,0,3915,"Waste, parings and scrap, of plastics",8,Weight in kilograms,,190619833,190619833,121700076
H5,2018,2018,2018,4,Re-Export,764,Thailand,THA,0,3915,"Waste, parings and scrap, of plastics",8,Weight in kilograms,,2613449,2613449,337373
H5,2018,2018,2018,4,Re-Import,764,Thailand,THA,0,3915,"Waste, parings and scrap, of plastics",8,Weight in kilograms,,2763012,2763012,385412
H5,2018,2018,2018,6,Import,764,Thailand,THA,0,391510,"Ethylene polymers; waste, parings and scrap",8,Weight in kilograms,,168034768,168034768,16485385
H5,2018,2018,2018,6,Export,764,Thailand,THA,0,391510,"Ethylene polymers; waste, parings and scrap",8,Weight in kilograms,,4210131,4210131,1990246
H5,2018,2018,2018,6,Re-Export,764,Thailand,THA,0,391510,"Ethylene polymers; waste, parings and scrap",8,Weight in kilograms,,687089,687089,55720
H5,2018,2018,2018,6,Re-Import,764,Thailand,THA,0,391510,"Ethylene polymers; waste, parings and scrap",8,Weight in kilograms,,706624,706624,56806
H5,2018,2018,2018,6,Import,764,Thailand,THA,0,391520,"Styrene polymers; waste, parings and scrap",8,Weight in kilograms,,17694,17694,4562
H5,2018,2018,2018,6,Export,764,Thailand,THA,0,391520,"Styrene polymers; waste, parings and scrap",8,Weight in kilograms,,86238,86238,41827
H5,2018,2018,2018,6,Import,764,Thailand,THA,0,391530,"Vinyl chloride polymers; waste, parings and scrap",8,Weight in kilograms,,807580,807580,118009
H5,2018,2018,2018,6,Export,764,Thailand,THA,0,391530,"Vinyl chloride polymers; waste, parings and scrap",8,Weight in kilograms,,43687,43687,25994
H5,2018,2018,2018,6,Import,764,Thailand,THA,0,391590,"Plastics n.e.c. in heading no. 3915; waste, parings and scrap",8,Weight in kilograms,,383866589,383866589,56304708
H5,2018,2018,2018,6,Export,764,Thailand,THA,0,391590,"Plastics n.e.c. in heading no. 3915; waste, parings and scrap",8,Weight in kilograms,,186279776,186279776,119642008
H5,2018,2018,2018,6,Re-Export,764,Thailand,THA,0,391590,"Plastics n.e.c. in heading no. 3915; waste, parings and scrap",8,Weight in kilograms,,1926360,1926360,281653
H5,2018,2018,2018,6,Re-Import,764,Thailand,THA,0,391590,"Plastics n.e.c. in heading no. 3915; waste, parings and scrap",8,Weight in kilograms,,2056388,2056388,328606
H5,2018,2018,2018,4,Import,807,North Macedonia,MKD,0,3915,"Waste, parings and scrap, of plastics",1,No Quantity,,0,3797051,1705289
H5,2018,2018,2018,4,Export,807,North Macedonia,MKD,0,3915,"Waste, parings and scrap, of plastics",8,Weight in kilograms,,5928547,5928547,2884448
H5,2018,2018,2018,6,Import,807,North Macedonia,MKD,0,391510,"Ethylene polymers; waste, parings and scrap",8,Weight in kilograms,,369899,369899,177264
H5,2018,2018,2018,6,Export,807,North Macedonia,MKD,0,391510,"Ethylene polymers; waste, parings and scrap",8,Weight in kilograms,,1711565,1711565,555901
H5,2018,2018,2018,6,Export,807,North Macedonia,MKD,0,391520,"Styrene polymers; waste, parings and scrap",8,Weight in kilograms,,2,2,11
H5,2018,2018,2018,6,Import,807,North Macedonia,MKD,0,391530,"Vinyl chloride polymers; waste, parings and scrap",8,Weight in kilograms,,164670,164670,42453
H5,2018,2018,2018,6,Import,807,North Macedonia,MKD,0,391590,"Plastics n.e.c. in heading no. 3915; waste, parings and scrap",1,No Quantity,,0,3262482,1485571
H5,2018,2018,2018,6,Export,807,North Macedonia,MKD,0,391590,"Plastics n.e.c. in heading no. 3915; waste, parings and scrap",8,Weight in kilograms,,4216980,4216980,2328536
H5,2018,2018,2018,4,Import,826,United Kingdom,GBR,0,3915,"Waste, parings and scrap, of plastics",8,Weight in kilograms,,115354265,115354265,68251424
H5,2018,2018,2018,4,Export,826,United Kingdom,GBR,0,3915,"Waste, parings and scrap, of plastics",8,Weight in kilograms,,638500613,,152701605
H5,2018,2018,2018,6,Import,826,United Kingdom,GBR,0,391510,"Ethylene polymers; waste, parings and scrap",8,Weight in kilograms,,55120808,55120808,41990067
H5,2018,2018,2018,6,Export,826,United Kingdom,GBR,0,391510,"Ethylene polymers; waste, parings and scrap",8,Weight in kilograms,,379269322,,81169865
H5,2018,2018,2018,6,Import,826,United Kingdom,GBR,0,391520,"Styrene polymers; waste, parings and scrap",8,Weight in kilograms,,1866372,1866372,1473858
H5,2018,2018,2018,6,Export,826,United Kingdom,GBR,0,391520,"Styrene polymers; waste, parings and scrap",8,Weight in kilograms,,35264331,35264331,8360341
H5,2018,2018,2018,6,Import,826,United Kingdom,GBR,0,391530,"Vinyl chloride polymers; waste, parings and scrap",8,Weight in kilograms,,8436285,8436285,5323160
H5,2018,2018,2018,6,Export,826,United Kingdom,GBR,0,391530,"Vinyl chloride polymers; waste, parings and scrap",8,Weight in kilograms,,39399753,39399753,17358782
H5,2018,2018,2018,6,Import,826,United Kingdom,GBR,0,391590,"Plastics n.e.c. in heading no. 3915; waste, parings and scrap",8,Weight in kilograms,,49930800,49930800,19464337
H5,2018,2018,2018,6,Export,826,United Kingdom,GBR,0,391590,"Plastics n.e.c. in heading no. 3915; waste, parings and scrap",8,Weight in kilograms,,184567206,,45812616
H5,2018,2018,2018,4,Import,894,Zambia,ZMB,0,3915,"Waste, parings and scrap, of plastics",8,Weight in kilograms,,27635,27635,25221
H5,2018,2018,2018,4,Export,894,Zambia,ZMB,0,3915,"Waste, parings and scrap, of plastics",8,Weight in kilograms,,1921035,1921035,302877
H5,2018,2018,2018,6,Export,894,Zambia,ZMB,0,391520,"Styrene polymers; waste, parings and scrap",8,Weight in kilograms,,101900,101900,10296
H5,2018,2018,2018,6,Import,894,Zambia,ZMB,0,391530,"Vinyl chloride polymers; waste, parings and scrap",8,Weight in kilograms,,2600,2600,15496
H5,2018,2018,2018,6,Export,894,Zambia,ZMB,0,391530,"Vinyl chloride polymers; waste, parings and scrap",8,Weight in kilograms,,86742,86742,3611
H5,2018,2018,2018,6,Import,894,Zambia,ZMB,0,391590,"Plastics n.e.c. in heading no. 3915; waste, parings and scrap",8,Weight in kilograms,,25035,25035,9725
H5,2018,2018,2018,6,Export,894,Zambia,ZMB,0,391590,"Plastics n.e.c. in heading no. 3915; waste, parings and scrap",8,Weight in kilograms,,1732393,1732393,288969
H4,2018,2018,2018,4,Import,132,Cabo Verde,CPV,0,3915,"Waste, parings and scrap, of plastics",8,Weight in kilograms,,1165,1165,2659
H4,2018,2018,2018,4,Import,268,Georgia,GEO,0,3915,"Waste, parings and scrap, of plastics",8,Weight in kilograms,,838556,838556,808531
H4,2018,2018,2018,4,Export,268,Georgia,GEO,0,3915,"Waste, parings and scrap, of plastics",8,Weight in kilograms,,795866,795866,162727
H4,2018,2018,2018,4,Import,484,Mexico,MEX,0,3915,"Waste, parings and scrap, of plastics",8,Weight in kilograms,,79290979,79290979,21467508
H4,2018,2018,2018,4,Export,484,Mexico,MEX,0,3915,"Waste, parings and scrap, of plastics",8,Weight in kilograms,,308979788,308979788,151308715
H4,2018,2018,2018,4,Export,498,Rep. of Moldova,MDA,0,3915,"Waste, parings and scrap, of plastics",8,Weight in kilograms,,442714,442714,145760
H4,2018,2018,2018,4,Re-Export,498,Rep. of Moldova,MDA,0,3915,"Waste, parings and scrap, of plastics",8,Weight in kilograms,,55499,55499,8748
H4,2018,2018,2018,4,Import,533,Aruba,ABW,0,3915,"Waste, parings and scrap, of plastics",8,Weight in kilograms,,1,1,223
H4,2018,2018,2018,4,Import,608,Philippines,PHL,0,3915,"Waste, parings and scrap, of plastics",1,No Quantity,,0,11760790,6207891
H4,2018,2018,2018,4,Export,608,Philippines,PHL,0,3915,"Waste, parings and scrap, of plastics",8,Weight in kilograms,,65116504,65116504,39570525
H4,2018,2018,2018,4,Import,682,Saudi Arabia,SAU,0,3915,"Waste, parings and scrap, of plastics",8,Weight in kilograms,,22662883,22662883,10636726
H4,2018,2018,2018,4,Export,682,Saudi Arabia,SAU,0,3915,"Waste, parings and scrap, of plastics",8,Weight in kilograms,,46410052,,16382511
H4,2018,2018,2018,4,Import,804,Ukraine,UKR,0,3915,"Waste, parings and scrap, of plastics",8,Weight in kilograms,,53425504,53425504,18645923
H4,2018,2018,2018,4,Export,804,Ukraine,UKR,0,3915,"Waste, parings and scrap, of plastics",8,Weight in kilograms,,1253186,1253186,606966
H4,2018,2018,2018,4,Import,818,Egypt,EGY,0,3915,"Waste, parings and scrap, of plastics",8,Weight in kilograms,,9134670,9134670,5586526
H4,2018,2018,2018,4,Export,818,Egypt,EGY,0,3915,"Waste, parings and scrap, of plastics",8,Weight in kilograms,,3769,3769,1598
H4,2018,2018,2018,4,Import,882,Samoa,WSM,0,3915,"Waste, parings and scrap, of plastics",8,Weight in kilograms,,8271,8271,9881
H4,2018,2018,2018,4,Export,882,Samoa,WSM,0,3915,"Waste, parings and scrap, of plastics",8,Weight in kilograms,,455,455,135
H4,2018,2018,2018,6,Import,268,Georgia,GEO,0,391510,"Ethylene polymers; waste, parings and scrap",8,Weight in kilograms,,1026,1026,410
H4,2018,2018,2018,6,Import,484,Mexico,MEX,0,391510,"Ethylene polymers; waste, parings and scrap",8,Weight in kilograms,,21231057,21231057,4782428
H4,2018,2018,2018,6,Export,484,Mexico,MEX,0,391510,"Ethylene polymers; waste, parings and scrap",8,Weight in kilograms,,51542297,51542297,28160627
H4,2018,2018,2018,6,Import,608,Philippines,PHL,0,391510,"Ethylene polymers; waste, parings and scrap",8,Weight in kilograms,,862785,862785,466974
H4,2018,2018,2018,6,Export,608,Philippines,PHL,0,391510,"Ethylene polymers; waste, parings and scrap",8,Weight in kilograms,,24338560,24338560,17784070
H4,2018,2018,2018,6,Import,682,Saudi Arabia,SAU,0,391510,"Ethylene polymers; waste, parings and scrap",8,Weight in kilograms,,560359,560359,245365
H4,2018,2018,2018,6,Export,682,Saudi Arabia,SAU,0,391510,"Ethylene polymers; waste, parings and scrap",8,Weight in kilograms,,43530142,,13766996
H4,2018,2018,2018,6,Import,804,Ukraine,UKR,0,391510,"Ethylene polymers; waste, parings and scrap",8,Weight in kilograms,,24866329,24866329,6005972
H4,2018,2018,2018,6,Export,804,Ukraine,UKR,0,391510,"Ethylene polymers; waste, parings and scrap",8,Weight in kilograms,,94720,94720,9472
H4,2018,2018,2018,6,Export,268,Georgia,GEO,0,391520,"Styrene polymers; waste, parings and scrap",8,Weight in kilograms,,127070,127070,21823
H4,2018,2018,2018,6,Import,484,Mexico,MEX,0,391520,"Styrene polymers; waste, parings and scrap",8,Weight in kilograms,,4544925,4544925,1735893
H4,2018,2018,2018,6,Export,484,Mexico,MEX,0,391520,"Styrene polymers; waste, parings and scrap",8,Weight in kilograms,,10278799,10278799,6623151
H4,2018,2018,2018,6,Export,608,Philippines,PHL,0,391520,"Styrene polymers; waste, parings and scrap",8,Weight in kilograms,,1392770,1392770,775787
H4,2018,2018,2018,6,Import,804,Ukraine,UKR,0,391520,"Styrene polymers; waste, parings and scrap",8,Weight in kilograms,,2725491,2725491,2323215
H4,2018,2018,2018,6,Export,268,Georgia,GEO,0,391530,"Vinyl chloride polymers; waste, parings and scrap",8,Weight in kilograms,,62707,62707,8041
H4,2018,2018,2018,6,Import,484,Mexico,MEX,0,391530,"Vinyl chloride polymers; waste, parings and scrap",8,Weight in kilograms,,19000710,19000710,4627259
H4,2018,2018,2018,6,Export,484,Mexico,MEX,0,391530,"Vinyl chloride polymers; waste, parings and scrap",8,Weight in kilograms,,8655110,8655110,2460456
H4,2018,2018,2018,6,Export,498,Rep. of Moldova,MDA,0,391530,"Vinyl chloride polymers; waste, parings and scrap",8,Weight in kilograms,,62296,62296,11951
H4,2018,2018,2018,6,Re-Export,498,Rep. of Moldova,MDA,0,391530,"Vinyl chloride polymers; waste, parings and scrap",8,Weight in kilograms,,55499,55499,8748
H4,2018,2018,2018,6,Import,608,Philippines,PHL,0,391530,"Vinyl chloride polymers; waste, parings and scrap",1,No Quantity,,0,643629,291836
H4,2018,2018,2018,6,Export,608,Philippines,PHL,0,391530,"Vinyl chloride polymers; waste, parings and scrap",1,No Quantity,,0,1672142,821916
H4,2018,2018,2018,6,Export,682,Saudi Arabia,SAU,0,391530,"Vinyl chloride polymers; waste, parings and scrap",8,Weight in kilograms,,677640,677640,647108
H4,2018,2018,2018,6,Import,804,Ukraine,UKR,0,391530,"Vinyl chloride polymers; waste, parings and scrap",8,Weight in kilograms,,520120,520120,102459
H4,2018,2018,2018,6,Export,804,Ukraine,UKR,0,391530,"Vinyl chloride polymers; waste, parings and scrap",8,Weight in kilograms,,11203,11203,2245
H4,2018,2018,2018,6,Import,882,Samoa,WSM,0,391530,"Vinyl chloride polymers; waste, parings and scrap",8,Weight in kilograms,,102,102,1258
H4,2018,2018,2018,6,Import,132,Cabo Verde,CPV,0,391590,"Plastics n.e.c. in heading no. 3915; waste, parings and scrap",8,Weight in kilograms,,1165,1165,2659
H4,2018,2018,2018,6,Import,268,Georgia,GEO,0,391590,"Plastics n.e.c. in heading no. 3915; waste, parings and scrap",8,Weight in kilograms,,837530,837530,808120
H4,2018,2018,2018,6,Export,268,Georgia,GEO,0,391590,"Plastics n.e.c. in heading no. 3915; waste, parings and scrap",8,Weight in kilograms,,606089,606089,132863
H4,2018,2018,2018,6,Import,484,Mexico,MEX,0,391590,"Plastics n.e.c. in heading no. 3915; waste, parings and scrap",8,Weight in kilograms,,34514286,34514286,10321928
H4,2018,2018,2018,6,Export,484,Mexico,MEX,0,391590,"Plastics n.e.c. in heading no. 3915; waste, parings and scrap",8,Weight in kilograms,,238503582,238503582,114064481
H4,2018,2018,2018,6,Export,498,Rep. of Moldova,MDA,0,391590,"Plastics n.e.c. in heading no. 3915; waste, parings and scrap",8,Weight in kilograms,,380418,380418,133809
H4,2018,2018,2018,6,Import,533,Aruba,ABW,0,391590,"Plastics n.e.c. in heading no. 3915; waste, parings and scrap",8,Weight in kilograms,,1,1,223
H4,2018,2018,2018,6,Import,608,Philippines,PHL,0,391590,"Plastics n.e.c. in heading no. 3915; waste, parings and scrap",1,No Quantity,,0,10254375,5449080
H4,2018,2018,2018,6,Export,608,Philippines,PHL,0,391590,"Plastics n.e.c. in heading no. 3915; waste, parings and scrap",8,Weight in kilograms,,37713031,37713031,20188752
H4,2018,2018,2018,6,Import,682,Saudi Arabia,SAU,0,391590,"Plastics n.e.c. in heading no. 3915; waste, parings and scrap",8,Weight in kilograms,,22102524,22102524,10391361
H4,2018,2018,2018,6,Export,682,Saudi Arabia,SAU,0,391590,"Plastics n.e.c. in heading no. 3915; waste, parings and scrap",8,Weight in kilograms,,2202270,2202270,1968407
H4,2018,2018,2018,6,Import,804,Ukraine,UKR,0,391590,"Plastics n.e.c. in heading no. 3915; waste, parings and scrap",8,Weight in kilograms,,25313564,25313564,10214276
H4,2018,2018,2018,6,Export,804,Ukraine,UKR,0,391590,"Plastics n.e.c. in heading no. 3915; waste, parings and scrap",8,Weight in kilograms,,1147263,1147263,595248
H4,2018,2018,2018,6,Import,818,Egypt,EGY,0,391590,"Plastics n.e.c. in heading no. 3915; waste, parings and scrap",8,Weight in kilograms,,9134670,9134670,5586526
H4,2018,2018,2018,6,Export,818,Egypt,EGY,0,391590,"Plastics n.e.c. in heading no. 3915; waste, parings and scrap",8,Weight in kilograms,,3769,3769,1598
H4,2018,2018,2018,6,Import,882,Samoa,WSM,0,391590,"Plastics n.e.c. in heading no. 3915; waste, parings and scrap",8,Weight in kilograms,,8169,8169,8622
H4,2018,2018,2018,6,Export,882,Samoa,WSM,0,391590,"Plastics n.e.c. in heading no. 3915; waste, parings and scrap",8,Weight in kilograms,,455,455,135
H3,2018,2018,2018,4,Import,328,Guyana,GUY,0,3915,"Waste, parings and scrap, of plastics.",8,Weight in kilograms,,367,367,3265
H3,2018,2018,2018,4,Import,670,Saint Vincent and the Grenadines,VCT,0,3915,"Waste, parings and scrap, of plastics.",8,Weight in kilograms,,650,650,405
H3,2018,2018,2018,4,Export,670,Saint Vincent and the Grenadines,VCT,0,3915,"Waste, parings and scrap, of plastics.",8,Weight in kilograms,,206500,206500,44444
H3,2018,2018,2018,4,Re-Export,670,Saint Vincent and the Grenadines,VCT,0,3915,"Waste, parings and scrap, of plastics.",8,Weight in kilograms,,184000,184000,38888
H3,2018,2018,2018,6,Import,670,Saint Vincent and the Grenadines,VCT,0,391510,"Waste, parings & scrap, of polymers of ethylene",8,Weight in kilograms,,3,3,33
H3,2018,2018,2018,6,Import,670,Saint Vincent and the Grenadines,VCT,0,391530,"Waste, parings & scrap, of polymers of vinyl chloride",8,Weight in kilograms,,644,,322
H3,2018,2018,2018,6,Import,328,Guyana,GUY,0,391590,"Waste, parings & scrap, of plastics n.e.s. in 39.15",8,Weight in kilograms,,367,367,3265
H3,2018,2018,2018,6,Import,670,Saint Vincent and the Grenadines,VCT,0,391590,"Waste, parings & scrap, of plastics n.e.s. in 39.15",8,Weight in kilograms,,2,2,50
H3,2018,2018,2018,6,Export,670,Saint Vincent and the Grenadines,VCT,0,391590,"Waste, parings & scrap, of plastics n.e.s. in 39.15",8,Weight in kilograms,,206500,206500,44444
H3,2018,2018,2018,6,Re-Export,670,Saint Vincent and the Grenadines,VCT,0,391590,"Waste, parings & scrap, of plastics n.e.s. in 39.15",8,Weight in kilograms,,184000,184000,38888
H2,2018,2018,2018,4,Import,52,Barbados,BRB,0,3915,"Waste, parings and scrap, of plastics.",8,Weight in kilograms,,2066,2066,11339
H2,2018,2018,2018,4,Export,52,Barbados,BRB,0,3915,"Waste, parings and scrap, of plastics.",8,Weight in kilograms,,772446,772446,134558
H2,2018,2018,2018,6,Import,52,Barbados,BRB,0,391530,"Waste, parings & scrap, of polymers of vinyl chloride",8,Weight in kilograms,,5,5,103
H2,2018,2018,2018,6,Import,52,Barbados,BRB,0,391590,"Waste, parings & scrap, of plastics n.e.s. in 39.15",8,Weight in kilograms,,2061,2061,11236
H2,2018,2018,2018,6,Export,52,Barbados,BRB,0,391590,"Waste, parings & scrap, of plastics n.e.s. in 39.15",8,Weight in kilograms,,772446,772446,134558
